id,name_hu,name_latin,category,region,era,period,epoch,mya_min,mya_max,height_m_min,height_m_max,length_m_min,length_m_max,weight_kg_min,weight_kg_max,discovery_year,discoverer_name,description_hu,rarity,created_at,updated_at,taxonomy_group,pack_number,education_level,edu,height_m_est,height_m_est_max,height_m_est_min,taxonomy_hu,diet_hu,diet_eng,latin_name_end
39f27b32-578e-4aae-b3ea-c6066cb1ad29,Amargasaurus,Amargasaurus,dinosaur,Dél-Amerika,Mezozoikum,Kréta,kora-kréta,132,127,3.96,null,12,null,9000,null,1984,Guillermo Heredia (leírta Bonaparte és Salgado),"A Amargasaurus egy rendkívül bizarr megjelenésű, viszonylag kisméretű szauropoda dinoszaurusz, amely a kora kréta időszakban élt a mai Argentína területén. Legfőbb jellegzetessége a nyakán és a hátán két párhuzamos sorban futó, meghökkentően hosszú, pálcaszerű csigolyatüske-sor volt. E tüskék pontos funkciója máig vitatott: egyes kutatók szerint bőrrel borított vitorlát alkottak a hőszabályozáshoz, mások szerint puszta védekező vagy vizuális elrettentő fegyverek voltak. Körülbelül 9-10 méter hosszú állatként alacsonyan fekvő növényzettel táplálkozott az erdős folyópartokon.",common,2026-06-30 05:45:11.276302+00,2026-06-30 05:45:11.276302+00,null,7,bonus,5,null,null,3.96,null,ismeretlen,unknown,
6e4d64ac-b1bb-41e1-8c1a-21629934c686,Dromiceiomimus,Dromiceiomimus,dinosaur,Észak-Amerika,Mezozoikum,Kréta,késő-kréta,74,70,1.16,null,3.5,null,100,null,null,null,null,common,2026-06-30 05:45:11.276302+00,2026-06-30 05:45:11.276302+00,null,100,bonus,100,null,null,1.16,null,ismeretlen,unknown,
017e1380-b597-4158-b1ac-ce49403220f8,Cetiosaurus,Cetiosaurus oxoniensis,dinosaur,Európa,Mezozoikum,Jura,középső-jura,170,167.0,6.30,5.60,18,16.0,null,10000.0,1841,leírta Richard Owen,"Ez volt a tudomány által elsőként felfedezett és leírt sauropoda, azaz hosszú nyakú óriás dinoszaurusz, bár felfedezésekor Richard Owen óriási tengeri hüllőnek, egy hatalmas krokodilszerű állatnak vélte a hatalmas csigolyák alapján. Csak később vált nyilvánvalóvá, hogy egy szárazföldi, négylábú növényevő csontjairól van szó. Neve, jelentése 'bálnagyík', máig őrzi ezt a korai téves azonosítást.",common,2026-06-28 05:04:05.68662+00,2026-06-28 05:04:05.68662+00,Saurischia (Sauropoda),2,középiskola,2,5.60,5.60,6.30,Saurischia (Sauropodák),növényevő,herbivore,oxoniensis
25574018-9805-4db0-9953-c6828033601f,Therizinosaurus,Therizinosaurus cheloniformis,dinosaur,Ázsia,Mezozoikum,Kréta,késő-kréta,71,66,2.97,3.30,9.0,10.0,null,null,1954,Evgeny Maleev,"Rendkívül hosszú, merev karmokkal rendelkező theropoda, amely feltehetően növényevő életmódot violent.",legendary,2026-06-30 04:46:58.828164+00,2026-06-30 04:46:58.828164+00,null,1,doktori,4,3.30,3.30,2.97,null,ismeretlen,unknown,cheloniformis
b570b24e-6f33-4fa5-8161-9cf31d298a8e,Australotitan,Australotitan cooperensis,dinosaur,Ázsia,Mezozoikum,Kréta,késő-kréta,96,92,8.25,9.90,25.0,30.0,null,null,2021,Scott Hocknull,"Ausztrália legnagyobb ismert dinoszaurusza, amely méretében a dél-amerikai óriás szauropodákhoz hasonlítható.",legendary,2026-06-30 04:46:58.828164+00,2026-06-30 04:46:58.828164+00,null,1,doktori,4,9.90,9.90,8.25,null,ismeretlen,unknown,cooperensis
6c991a7d-8fbe-4071-a129-372efe20568b,Saurornitholestes,Saurornitholestes,dinosaur,Észak-Amerika,Mezozoikum,Kréta,késő-kréta,77,72,0.59,null,1.8,null,30,null,null,null,null,common,2026-06-30 05:45:11.276302+00,2026-06-30 05:45:11.276302+00,null,100,bonus,100,null,null,0.59,null,ismeretlen,unknown,
40d73f24-120f-42b3-ab46-c0f06a308724,Centrosaurus,Centrosaurus,dinosaur,Észak-Amerika,Mezozoikum,Kréta,késő-kréta,76,74,1.98,null,6,null,1000,null,1901,null,null,common,2026-06-30 05:45:11.276302+00,2026-06-30 05:45:11.276302+00,null,100,bonus,100,null,null,1.98,null,ismeretlen,unknown,
fc790fc0-ad3b-4037-9778-6f2598d21d37,Metriacanthosaurus,Metriacanthosaurus,dinosaur,Európa,Mezozoikum,Jura,késő-jura,159,154,2.71,null,8.2,null,null,null,null,null,null,common,2026-06-30 05:45:11.276302+00,2026-06-30 05:45:11.276302+00,null,100,bonus,null,null,null,2.71,null,ismeretlen,unknown,
49ee0356-42d5-4b16-8de8-746fd3317bcd,"Syntarsus   ","Syntarsus   ",dinosaur,Észak-Amerika,Mezozoikum,Triász,késő-triász,205,190,0.71,null,2.15,null,null,null,null,null,null,common,2026-06-30 05:45:11.276302+00,2026-06-30 05:45:11.276302+00,null,100,bonus,null,null,null,0.71,null,ismeretlen,unknown,
2286ad4c-63a8-42ec-9079-efbb37cb009f,Archaeopteryx,Archaeopteryx lithographica,dinosaur,Európa,Mezozoikum,Jura,késő-jura,150.0,147,0.19,0.19,0.5,0.5,0.5,1.0,1861,"solnhofeni kőfejtő munkások, leírta Hermann von Meyer","Bár leginkább a madarak ősének tartják, anatómiailag valójában egy tollas theropoda dinoszaurusz a jura időszak végéről. Tollas szárnyai mellett még hüllőszerű fogai, hosszú csontos farka és karmos ujjai is megmaradtak, így a tudománytörténet egyik leghíresebb 'átmeneti formájává' vált. Fosszíliái ugyanabból a finom solnhofeni mészkőből kerültek elő, mint a Compsognathus csontvázai.",common,2026-06-28 05:04:05.68662+00,2026-06-28 05:04:05.68662+00,"Saurischia (Theropoda, Avialae)",2,középiskola,2,0.19,0.19,0.19,"Saurischia (Theropodák, Madárszerűek)",mindenevő,omnivore,lithographica
dc7a6678-3503-4e1b-8f74-485c01ee2799,Eustreptospondylus,Eustreptospondylus oxoniensis,dinosaur,Európa,Mezozoikum,Jura,középső-jura,165,164.0,2.66,1.75,7,4.6,null,200.0,1870,"James Phillips munkásai, leírta Alick Walker","Ennek a jura időszaki megalosaurida ragadozónak egy fiatal egyedének majdnem teljes csontvázát találták meg, amely tengeri eredetű üledékben őrződött meg. A kutatók szerint a tetem valószínűleg a folyókon keresztül juthatott ki a nyílt tengerbe, mielőtt elsüllyedt és lerakódott az iszapba. A leletnek köszönhetően az egyik legjobban ismert európai megalosaurida vált belőle, annak ellenére, hogy csak egy fiatalkori egyed maradványait sikerült feltárni.",common,2026-06-28 05:04:05.68662+00,2026-06-28 05:04:05.68662+00,"Saurischia (Theropoda, Megalosauridae)",4,középiskola,2,1.75,1.75,2.66,"Saurischia (Theropodák, Megalosauridák)",ragadozó,carnivore,oxoniensis
ba667812-e2d3-47d9-968e-3fc8d6bf3629,Thecodontosaurus,Thecodontosaurus,dinosaur,Európa,Mezozoikum,Triász,késő-triász,227,205,0.83,null,2.5,null,null,null,null,null,null,common,2026-06-30 05:45:11.276302+00,2026-06-30 05:45:11.276302+00,null,100,bonus,null,null,null,0.83,null,ismeretlen,unknown,
d8af8b94-930f-42bf-ba0a-5878599462ad,Telmatosaurus,Telmatosaurus transsylvanicus,dinosaur,Kárpát-medence,Mezozoikum,Kréta,késő-kréta,84,70,1.75,1.75,5,5.0,null,null,1895,Nopcsa Ilona és Báró Nopcsa Ferenc,"Ez az elsőként felfedezett és leírt dinoszauruszfaj a dél-erdélyi Hátszegi-medence területéről, amelynek maradványai a 19. század végén kerültek elő. A kacsacsőrű növényevők közé tartozó állat koponyatöredékei és csontjai egykor egy elszigetelt, mocsaras trópusi szigetvilágban halmozódtak fel. Kiváló példája a térségre jellemző primitív morfológiának, amely a hosszas szigeti elszigeteltségnek köszönhetően maradhatott fenn.",common,2026-06-28 04:57:47.338575+00,2026-06-28 04:57:47.338575+00,"Ornithischia (Ornithopoda, Hadrosauroidea)",1,általános iskola,1,1.75,1.75,1.75,"Ornithischia (Madárlábúak, Kacsacsőrű dinoszaurusz-alkatúak)",növényevő,herbivore,transsylvanicus
519eb4ea-d125-4fd5-83c4-03f59f70d0f5,Zalmoxes,Zalmoxes robustus,dinosaur,Kárpát-medence,Mezozoikum,Kréta,késő-kréta,70,69,1.05,1.0,3,3.0,null,100.0,1899,Báró Nopcsa Ferenc,"A robusztus felépítésű növényevő maradványait Báró Nopcsa Ferenc gyűjtötte be Erdélyben a 19. és 20. század fordulóján. Az elszigetelt szárazföldi környezet miatt ez a rhabdodontida formakör is jelentős méretcsökkenésen ment keresztül az évmilliók során. Nopcsa ezen leletek alapján ismerte fel elsőként az evolúcióbiológiában a szigeti törpülés jelenségét, megalapozva ezzel a modern paleobiológiai kutatásokat.",common,2026-06-28 04:57:47.338575+00,2026-06-28 04:57:47.338575+00,"Ornithischia (Ornithopoda, Rhabdodontidae)",2,általános iskola,1,null,null,1.05,"Ornithischia (Madárlábúak, Rhabdodontidák)",növényevő,herbivore,robustus
7ce798c2-bd08-417f-a395-707bdd0fd143,Gigantoraptor,Gigantoraptor erlianensis,dinosaur,Ázsia,Mezozoikum,Kréta,késő-kréta,85,85,2.64,2.94,8.0,8.9,null,null,2005,Xu Xing,"A legnagyobb ismert oviraptoroszaurusz, amelynek mérete egy Albertosaurushoz mérhető.",rare,2026-06-30 04:46:58.828164+00,2026-06-30 04:46:58.828164+00,null,2,doktori,4,2.94,2.94,2.64,null,ismeretlen,unknown,erlianensis
b7c6ddc0-942f-4c38-bb27-0a5ea2054d61,Scipionyx,Scipionyx samniticus,dinosaur,Európa,Mezozoikum,Kréta,kora-kréta,113.0,112,0.76,0.19,2,0.5,null,null,1980,"amatőr fosszíliagyűjtő, leírta Cristiano Dal Sasso","Egy apró theropoda, amelynek egyetlen ismert, kikelés után rövid idővel elpusztult egyedének fosszíliájában a belső szervek, az izomzat és a bélrendszer lenyomatai is épségben megmaradtak. Ez a 'Ciro' becenevű lelet az egyik legritkább és legértékesebb dinoszaurusz-fosszília, amely betekintést enged a dinoszauruszok belső anatómiájába. Az olaszországi lelőhely finom üledéke tette lehetővé a puha szövetek ilyen kivételes megőrződését.",common,2026-06-28 05:04:05.68662+00,2026-06-28 05:04:05.68662+00,"Saurischia (Theropoda, Compsognathidae)",4,középiskola,2,0.19,0.19,0.76,"Saurischia (Theropodák, Compsognathidák)",ragadozó,carnivore,samniticus
7f557972-0211-4d82-a623-a272d11280c5,Qantassaurus,Qantassaurus intrepidus,dinosaur,Ázsia,Mezozoikum,Kréta,kora-kréta,115,115,0.46,0.59,1.4,1.8,null,null,1999,Patricia Vickers-Rich & Tom Rich,"Egy kisméretű ornithopoda, amely nevét az ausztrál Qantas légitársaságról kapta.",common,2026-06-30 04:46:58.828164+00,2026-06-30 04:46:58.828164+00,null,1,doktori,4,0.59,0.59,0.46,null,ismeretlen,unknown,intrepidus
798e4f14-8b4f-4ad6-8c0d-5fab5a16e0c3,Bugenasaura,Bugenasaura,dinosaur,Észak-Amerika,Mezozoikum,null,null,65,65,null,null,null,null,null,null,null,null,null,common,2026-06-30 05:45:11.276302+00,2026-06-30 05:45:11.276302+00,null,100,bonus,100,null,null,null,null,ismeretlen,unknown,
a95d8ec3-0760-46be-9a83-fff96ba79f51,Barilium,Barilium,dinosaur,Európa,Mezozoikum,Kréta,kora-kréta,141,137,2.64,3.30,8,10,3500,null,1880,null,null,common,2026-06-30 05:45:11.276302+00,2026-06-30 05:45:11.276302+00,null,100,bonus,null,3.30,3.30,2.64,null,ismeretlen,unknown,
13b57baa-0741-480b-be86-6aef428b2cf4,Avimimus,Avimimus,dinosaur,Ázsia,Mezozoikum,Kréta,késő-kréta,80,75,0.50,null,1.5,null,null,null,1981,Sergei Kurzanov,null,common,2026-06-30 05:45:11.276302+00,2026-06-30 05:45:11.276302+00,null,100,bonus,null,null,null,0.50,null,ismeretlen,unknown,
3e63acc4-70b8-4ee2-a745-79f49b538cc7,Alectrosaurus,Alectrosaurus,dinosaur,Ázsia,Mezozoikum,Kréta,késő-kréta,90,70,1.65,null,5,null,null,null,1933,Charles Whitney Gilmore,null,common,2026-06-30 05:45:11.276302+00,2026-06-30 05:45:11.276302+00,null,100,bonus,null,null,null,1.65,null,ismeretlen,unknown,
1fcabf88-af64-46bc-b1bf-ad7aa5b777c4,Talarurus,Talarurus,dinosaur,Ázsia,Mezozoikum,Kréta,késő-kréta,99,89,1.98,null,6,null,null,null,null,null,null,common,2026-06-30 05:45:11.276302+00,2026-06-30 05:45:11.276302+00,null,100,bonus,null,null,null,1.98,null,ismeretlen,unknown,
f9945299-0629-4c01-8c77-03608faaa4e9,Dravidosaurus,Dravidosaurus,dinosaur,Ázsia,Mezozoikum,Kréta,késő-kréta,89,86,0.99,null,3,null,null,null,null,null,null,common,2026-06-30 05:45:11.276302+00,2026-06-30 05:45:11.276302+00,null,100,bonus,null,null,null,0.99,null,ismeretlen,unknown,
bc1961e7-2e35-4a2f-9676-4fdec107cb57,Hungarosaurus,Hungarosaurus tormai,dinosaur,Kárpát-medence,Mezozoikum,Kréta,késő-kréta,85,85,1.00,1.13,4.0,4.5,null,null,2000,Torma András és Ősi Attila csapata,"A leleteket a Bakony hegységben található iharkúti bauxitbányában fedezték fel az ezredforduló után végzett rendszeres ásatások során. Ez a páncélos, csontos tüskékkel védett növényevő állat a lelőhely messze leggyakoribb és legjobban dokumentált dinoszauruszfajta. A maradványai alapján a kutatóknak sikerült szinte teljesen rekonstruálniuk a faj csontvázát és egykori életmódját.",common,2026-06-28 04:57:47.338575+00,2026-06-28 04:57:47.338575+00,"Ornithischia (Ankylosauria, Nodosauridae)",3,általános iskola,1,1.13,1.13,1.00,"Ornithischia (Páncélos dinoszauruszok, Nodosauridák)",növényevő,herbivore,tormai
5b8e3eb1-612b-4302-9cb6-415a5c3452d8,Baryonyx,Baryonyx walkeri,dinosaur,Európa,Mezozoikum,Kréta,kora-kréta,130.0,125.0,3.80,3.04,10,8.0,2000,1800.0,1983,William Walker amatőr fosszíliagyűjtő,"Ezt a halászó életmódra specializálódott, krokodilszerűen megnyúlt koponyával rendelkező ragadozót egy amatőr fosszíliagyűjtő találta meg egy angliai agyagbányában. Hatalmas, sarló alakú karmai és kónikus fogai a halászatra utalnak, amit a csontváz gyomortartalmában talált halpikkelyek és maradványok is megerősítettek. Ez volt az első olyan dinoszaurusz, amelynél közvetlen bizonyíték került elő a halétrendre.",common,2026-06-28 05:04:05.68662+00,2026-06-28 05:04:05.68662+00,"Saurischia (Theropoda, Spinosauridae)",4,középiskola,2,3.04,3.04,3.80,"Saurischia (Theropodák, Spinosauridák)",halevő,piscivore,walkeri
7c989831-cf8c-4f8d-9625-8a9268f16f02,Alioramus,Alioramus remotus,dinosaur,Ázsia,Mezozoikum,Kréta,késő-kréta,70,70,1.65,1.98,5.0,6.0,null,null,1976,Sergei Kurzanov,"Mongóliából származó tyrannosaurida, amelyet hosszú orra és a pofáján lévő taréjok sora jellemzett.",rare,2026-06-30 04:46:58.828164+00,2026-06-30 04:46:58.828164+00,null,2,doktori,4,1.98,1.98,1.65,null,ismeretlen,unknown,remotus
0e2b2c47-b7bb-459f-977b-196fecda951f,Australovenator,Australovenator wintonensis,dinosaur,Ázsia,Mezozoikum,Kréta,késő-kréta,98,95,1.65,1.98,5.0,6.0,500,1000,2009,Scott Hocknull,"Egy viszonylag könnyű testfelépítésű, rendkívül gyors theropoda, amelyet Queenslandben fedeztek fel és 'kora gepárdjának' is neveznek.",rare,2026-06-30 04:46:58.828164+00,2026-06-30 04:46:58.828164+00,null,2,doktori,4,1.98,1.98,1.65,null,ismeretlen,unknown,wintonensis
a0b8fe3e-f03a-4afa-a1bf-660b49580461,Tarbosaurus,Tarbosaurus bataar,dinosaur,Ázsia,Mezozoikum,Kréta,késő-kréta,70,70,3.30,3.96,10.0,12.0,null,null,1955,Evgeny Maleev,"Mongóliában és Kínában élt hatalmas csúcsragadozó, a Tyrannosaurus rex közeli rokona, amely a Nemegt-formáció legfőbb ragadozója volt.",legendary,2026-06-30 04:46:58.828164+00,2026-06-30 04:46:58.828164+00,null,4,doktori,4,3.96,3.96,3.30,null,ismeretlen,unknown,bataar
ccb971df-367d-4e0f-9b10-497596c979ed,Kentrosaurus,Kentrosaurus aethiopicus,dinosaur,Afrika,Mezozoikum,Jura,késő-jura,155,152.0,2.00,1.80,5,4.5,null,1000.0,1909,"Edwin Hennig és a német Tendaguru-expedíció, 1909–1912 (leírás: 1915)","Ez a kistermetű, négy lábon járó stegosaurida testének hátsó felét és farkát sűrűn borították hosszú, hegyes csontos tüskék, amelyek hatékony védelmet nyújtottak a kortárs nagytestű ragadozók ellen. Neve görögül ""szúrós gyíkot"" jelent, utalva a farok végén ülő, párban elhelyezkedő, kiugró tüskesorra, amelyet a védekezés mellett feltehetően párzási idényben vizuális jelzésre is használt. A Giraffatitannal és a Tendaguru-domb más nagyszabású leleteivel egy időben, ugyanabból a kelet-afrikai lelőhelyből került elő, amely a 20. század elejének egyik legjelentősebb afrikai dinoszaurusz-lelőhelye volt.",common,2026-06-28 05:03:00.009612+00,2026-06-28 05:03:00.009612+00,"Ornithischia (Thyreophora, Stegosauria)",2,egyetem,3,1.80,1.80,2.00,"Ornithischia (Páncélos dinoszauruszok, Stegoszauruszok)",növényevő,herbivore,aethiopicus
20c7c71e-0122-41b2-9e33-eef8d632b2aa,Isisaurus,Isisaurus,dinosaur,Ázsia,Mezozoikum,Kréta,késő-kréta,71,65,null,null,null,null,null,null,null,null,null,common,2026-06-30 05:45:11.276302+00,2026-06-30 05:45:11.276302+00,null,100,bonus,null,null,null,null,null,ismeretlen,unknown,
54a60655-55b1-4b68-9a2d-41775c581a16,Albertaceratops,Albertaceratops,dinosaur,Észak-Amerika,Mezozoikum,Kréta,késő-kréta,80,75,2.31,null,7,null,null,null,null,null,null,common,2026-06-30 05:45:11.276302+00,2026-06-30 05:45:11.276302+00,null,100,bonus,100,null,null,2.31,null,ismeretlen,unknown,
e5316cfa-4af8-4665-8e29-bf12aa15f19f,Rhabdodon,Rhabdodon,dinosaur,Európa,Mezozoikum,Kréta,késő-kréta,76,70,1.32,null,4,null,null,null,1869,null,null,common,2026-06-30 05:45:11.276302+00,2026-06-30 05:45:11.276302+00,null,100,bonus,null,null,null,1.32,null,ismeretlen,unknown,
2c7e2dfb-dfac-4ad9-b977-fad74c375ce4,Ornithomimus,Ornithomimus,dinosaur,Észak-Amerika,Mezozoikum,Kréta,késő-kréta,74,65,1.32,null,4,null,null,null,1890,Othniel Charles Marsh,"An Ornithomimus egy rendkívül gyors, struccszerű theropoda dinoszaurusz volt, amely a késő kréta időszakban népesítette be Észak-Amerika vidékeit. Fogatlan, madárszerű csőrrel, megnyúlt nyakkal és kifejezetten hosszú, vékony hátsó végtagokkal rendelkezett, amelyek kiváló futóvá tették. A kutatók szerint áramvonalas testével és hosszú farkával képes volt akár az 50-70 km/h-s sebességet is elérni menekülés közben. Mindenevőként valószínűleg növényeket, gyümölcsöket, rovarokat és kisebb jaquárokat, gyíkokat egyaránt elfogyasztott.",common,2026-06-30 05:45:11.276302+00,2026-06-30 05:45:11.276302+00,null,2,bonus,5,null,null,1.32,null,ismeretlen,unknown,
43f89df5-6df6-4769-b496-18e6b9e6889b,Corythosaurus,Corythosaurus,dinosaur,Észak-Amerika,Mezozoikum,Kréta,késő-kréta,76,74,3.30,null,10,null,null,null,1914,Barnum Brown,"A Corythosaurus egy nagyméretű, kacsacsőrű (hadrosaurida) növényevő dinoszaurusz volt, amely a késő kréta időszakban élt Észak-Amerikában. Legfőbb jellegzetessége a feje tetején látható, korinthoszi sisakra emlékeztető, üreges csontos taréj volt, amelyről a nevét is kapta. Ez a taréj az orrüreghez kapcsolódott, és a legújabb vizsgálatok szerint hangos, mély frekvenciájú jelzések kibocsátására, valamint a fajtársak felismerésére szolgált. Körülbelül 9 méter hosszúra nőtt, csordákban élt, és rágós növényekkel táplálkozott, miközben veszély esetén két lábra állva menekült el.",common,2026-06-30 05:45:11.276302+00,2026-06-30 05:45:11.276302+00,null,2,bonus,5,null,null,3.30,null,ismeretlen,unknown,
83b7a6dd-615d-4457-b509-d67b865498e4,Nemegtosaurus,Nemegtosaurus,dinosaur,Ázsia,Mezozoikum,Kréta,késő-kréta,72,68,4.29,null,13,null,null,null,null,null,null,common,2026-06-30 05:45:11.276302+00,2026-06-30 05:45:11.276302+00,null,100,bonus,null,null,null,4.29,null,ismeretlen,unknown,
334e3895-4534-4fb2-9c03-f7612c789fcd,Liaoceratops,Liaoceratops,dinosaur,Ázsia,Mezozoikum,Kréta,kora-kréta,127,121,null,null,null,null,null,null,null,null,null,common,2026-06-30 05:45:11.276302+00,2026-06-30 05:45:11.276302+00,null,100,bonus,null,null,null,null,null,ismeretlen,unknown,
68e12dbe-d5c3-4240-88fb-7e61812b860b,Bakonydraco,Bakonydraco galaczi,pterosaur,Kárpát-medence,Mezozoikum,Kréta,késő-kréta,85,85,null,null,null,null,null,null,2000,Iharkúti kutatócsoport,"Egy azhdarchida családba tartozó repülő hüllő, amelynek állkapcsában nem voltak fogak, hanem madárszerű, szarukávával borított csőre volt — ezzel halakat, gyümölcsöket és tetemeket is megragadhatott. Az eddig előkerült közel 80 állkapocstöredék alapján a Bakonydraco egyedei igen gyakoriak lehettek az iharkúti folyóágak és tavak vidékén, akár a mai vízimadarakhoz hasonló tömegben. Neve a Bakony hegységre (""a Bakony sárkánya"") és Galácz András professzorra utal.",rare,2026-06-28 05:30:51.768033+00,2026-06-28 05:30:51.768033+00,Pterosauria (Azhdarchidae),3,általános iskola,1,null,null,null,Pterosauria (Azhdarchidák),ragadozó,carnivore,galaczi
9128b909-796d-4884-a2a0-a07c4ea327c5,Yingshanosaurus,Yingshanosaurus,dinosaur,Ázsia,Mezozoikum,Jura,késő-jura,159,142,null,null,null,null,null,null,null,null,null,common,2026-06-30 05:45:11.276302+00,2026-06-30 05:45:11.276302+00,null,100,bonus,null,null,null,null,null,ismeretlen,unknown,
2a169209-0b3b-4c21-b623-8f8465fd8505,Velociraptor,Velociraptor mongoliensis,dinosaur,Ázsia,Mezozoikum,Kréta,késő-kréta,75,71,0.59,0.66,1.8,2.0,7,15,1923,Peter Kaisen,"Mongóliában és Kínában felfedezett, tollas ragadozó, amelynek egyes példányainál a tollak tapadási pontjait is azonosították.",rare,2026-06-30 04:46:58.828164+00,2026-06-30 04:46:58.828164+00,null,2,doktori,4,0.66,0.66,0.59,null,ismeretlen,unknown,mongoliensis
e4721105-0acb-42d5-b622-19f2b940f495,Borogovia,Borogovia,dinosaur,Ázsia,Mezozoikum,Kréta,késő-kréta,84,65,0.50,null,1.5,null,null,null,null,null,null,common,2026-06-30 05:45:11.276302+00,2026-06-30 05:45:11.276302+00,null,100,bonus,null,null,null,0.50,null,ismeretlen,unknown,
f4297253-aa89-4801-a3cc-4a937c510989,Bagaceratops,Bagaceratops,dinosaur,Ázsia,Mezozoikum,Kréta,késő-kréta,85,80,0.33,null,1,null,null,null,null,null,null,common,2026-06-30 05:45:11.276302+00,2026-06-30 05:45:11.276302+00,null,100,bonus,null,null,null,0.33,null,ismeretlen,unknown,
ab52083e-d6db-4f94-8487-426351aed7dd,Compsognathus,Compsognathus longipes,dinosaur,Európa,Mezozoikum,Jura,késő-jura,150.0,145,0.25,0.42,0.65,1.1,3.6,3.0,1857,Andreas Wagner,"Ez az apró, fürge ragadozó a híres solnhofeni mészkőből került elő, ugyanabból a finom szemcséjű üledékből, amely az Archaeopteryx csontvázait is megőrizte. A szinte tökéletes állapotban fennmaradt csontvázak révén sokáig az egyik legkisebb ismert dinoszauruszként tartották számon. Gyors mozgású, apró gerinces zsákmányra (gyíkokra, rovarokra) specializálódott ragadozó volt.",common,2026-06-28 05:04:05.68662+00,2026-06-28 05:04:05.68662+00,"Saurischia (Theropoda, Compsognathidae)",1,középiskola,2,0.42,0.42,0.25,"Saurischia (Theropodák, Compsognathidák)",ragadozó,carnivore,longipes
c89867a3-12a7-4a3c-a213-2777cd4152c6,Segnosaurus,Segnosaurus,dinosaur,Ázsia,Mezozoikum,Kréta,késő-kréta,97,88,1.32,null,4,null,null,null,1979,Altangerel Perle,null,common,2026-06-30 05:45:11.276302+00,2026-06-30 05:45:11.276302+00,null,100,bonus,null,null,null,1.32,null,ismeretlen,unknown,
3c0748cb-ae4f-4de8-add8-73de996aa663,Miragaia,Miragaia longicollum,dinosaur,Európa,Mezozoikum,Jura,késő-jura,150.0,150.0,null,2.40,null,6.0,1000.0,3000.0,2009,Octávio Mateus csapata,"Egy egyedi megjelenésű stegosauria, amelynek nyaka a csoportra jellemző átlagosnál jóval hosszabbra nyúlt, mintegy 17 nyakcsigolyával a megszokott 12-13 helyett. Ez a felfedezés alapjaiban megkérdőjelezte azt a korábbi elképzelést, hogy a stegosauriák kizárólag alacsonyan növő növényzettel táplálkoztak. Háta mentén a csoportra jellemző csontos lemezek és tüskék sora húzódott végig.",common,2026-06-28 05:04:05.68662+00,2026-06-28 05:04:05.68662+00,Ornithischia (Stegosauria),1,középiskola,2,2.40,2.40,null,Ornithischia (Stegoszauruszok),növényevő,herbivore,longicollum
21ea2b58-c371-4fd9-a9fc-0911fae6b098,Zuniceratops,Zuniceratops,dinosaur,Észak-Amerika,Mezozoikum,Kréta,késő-kréta,94,89,null,null,null,null,null,null,null,null,null,common,2026-06-30 05:45:11.276302+00,2026-06-30 05:45:11.276302+00,null,100,bonus,100,null,null,null,null,ismeretlen,unknown,
68bbac4c-4d7c-4db9-ace5-322b89c68fa4,Conchoraptor,Conchoraptor,dinosaur,Ázsia,Mezozoikum,Kréta,késő-kréta,81,76,0.50,null,1.5,null,null,null,null,null,null,common,2026-06-30 05:45:11.276302+00,2026-06-30 05:45:11.276302+00,null,100,bonus,null,null,null,0.50,null,ismeretlen,unknown,
801e59bc-7672-4a8e-bf9a-38b57a78823b,Goyocephale,Goyocephale,dinosaur,Ázsia,Mezozoikum,Kréta,késő-kréta,81,75,0.66,null,2,null,null,null,null,null,null,common,2026-06-30 05:45:11.276302+00,2026-06-30 05:45:11.276302+00,null,100,bonus,null,null,null,0.66,null,ismeretlen,unknown,
75af243a-edc3-44ff-937b-a7c45cebe98c,Pneumatoraptor,Pneumatoraptor fodori,dinosaur,Kárpát-medence,Mezozoikum,Kréta,késő-kréta,85,85,null,null,null,null,null,null,2003,Iharkúti kutatócsoport,"Ezt a kistermetű, feltehetően tollas ragadozót egyetlen jellegzetes, üreges szerkezetű vállövcsont alapján azonosították a bakonyi ásatások leletanyagából. Nemzetségneve a madárszerűen könnyed, légzsákos csontozatra utal, amely a gyors és agilis mozgást segítette elő a sűrű növényzetben. Bár a csontváz többi része egyelőre ismeretlen, a lelet megerősíti, hogy a kréta időszaki magyarországi ökoszisztémában kistestű, intelligens vadászok is jelen voltak. (Méret: pulykanagyságú)",common,2026-06-28 04:57:47.338575+00,2026-06-28 04:57:47.338575+00,Saurischia (Theropoda),1,általános iskola,1,null,null,null,Saurischia (Theropodák),ragadozó,carnivore,fodori
866e3823-ebbd-4aee-925e-a25d8f81b211,Balaur,Balaur bondoc,dinosaur,Kárpát-medence,Mezozoikum,Kréta,késő-kréta,70,70,0.68,0.76,1.8,2.0,null,null,2010,"Mátyás Zoltán, Csiki Zoltán és munkatársaik","A Hátszegi-medencéből származó, különleges és rendkívül robusztus felépítésű theropoda dinoszaurusz vagy ősmadár. Legmeghökkentőbb tulajdonsága, hogy a hátsó lábain nem egy, hanem két-két sarlókarom helyezkedett el, mellső végtagjai pedig erősen módosultak. A hajdani szigetvilág elszigeteltségének egyik legkülönösebb evolúciós szüleménye, amely remekül szemlélteti a helyi fauna egyediségét.",common,2026-06-28 04:57:47.338575+00,2026-06-28 04:57:47.338575+00,"Saurischia (Theropoda, Avialae / Dromaeosauridae)",2,általános iskola,1,0.76,0.76,0.68,"Saurischia (Theropodák, Madárszerűek / Dromaeosauridák)",ragadozó,carnivore,bondoc
f3747a64-86f7-4c50-9a52-9facb6157f9e,Petrustitan,Petrustitan hungaricus,dinosaur,Kárpát-medence,Mezozoikum,Kréta,késő-kréta,71,66,4.0,5.0,7.5,8.0,null,null,2020,Modern kutatócsoportok,"Ezt az újonnan azonosított titanoszaurusz fajt a közelmúltban végzett morfológiai revíziók során különítették el a meglévő erdélyi leletanyagból. A hosszú nyakú, növényevő óriások közé tartozott, ám környezetéhez alkalmazkodva méretei elmaradtak a kontinenseken élt rokonokétól. Tudományos elnevezése hűen őrzi a felfedezés történelmi és földrajzi kötődését a Kárpát-medence régiójához.",common,2026-06-28 04:57:47.338575+00,2026-06-28 04:57:47.338575+00,"Saurischia (Sauropoda, Titanosauria)",3,általános iskola,1,null,null,null,"Saurischia (Sauropodák, Titanoszauruszok)",növényevő,herbivore,hungaricus
68ea3108-9933-481e-97b2-66071eedddfc,Psittacosaurus,Psittacosaurus mongoliensis,dinosaur,Ázsia,Mezozoikum,Kréta,kora-kréta,126,100,0.33,0.66,1.0,2.0,50,null,1923,Henry Fairfield Osborn,"Kora kréta kori dinoszaurusz, amelynek több száz maradványa került elő Ázsia-szerte.",common,2026-06-30 04:46:58.828164+00,2026-06-30 04:46:58.828164+00,null,4,doktori,4,0.66,0.66,0.33,null,ismeretlen,unknown,mongoliensis
a9f0914b-3d0d-41d2-94b2-ef65127f1469,Muttaburrasaurus,Muttaburrasaurus langdoni,dinosaur,Ázsia,Mezozoikum,Kréta,kora-kréta,105,100,2.31,2.64,7.0,8.0,null,null,1981,Doug Langdon,"Queensland állam fosszilis emblémája; egy nagy termetű növényevő, amelynek egyik legismertebb példánya a 'Hughie' becenevű csontváz.",rare,2026-06-30 04:46:58.828164+00,2026-06-30 04:46:58.828164+00,null,3,doktori,4,2.64,2.64,2.31,null,ismeretlen,unknown,langdoni
73783707-6e64-4559-88e0-c1a722a1b03b,Brachylophosaurus,Brachylophosaurus,dinosaur,Észak-Amerika,Mezozoikum,Kréta,késő-kréta,89,88,2.31,null,7,null,null,null,null,null,null,common,2026-06-30 05:45:11.276302+00,2026-06-30 05:45:11.276302+00,null,100,bonus,100,null,null,2.31,null,ismeretlen,unknown,
4ae0b639-cb83-4175-bf3c-d04bf51abbb7,Bauxitornis,Bauxitornis mindszentyae,bird,Kárpát-medence,Mezozoikum,Kréta,késő-kréta,85,85,null,null,null,null,null,null,2008,Iharkúti kutatócsoport,"Egy ölyv méretű ősmadár, amely az Enantiornithes csoportba tartozott — ez a madárcsoport a kréta időszak végén kihalt. Az iharkúti lelőhelyen eddig megtalált közel 10 000 csontmaradvány közül csupán egy tucat sorolható madarakhoz, ezért minden ilyen lelet különösen értékes. A fajt egy jellegzetes csüdcsont (lábközépcsont) alapján sikerült azonosítani, és nevét Mindszenty Andrea bauxitkutató professzor előtt tiszteleg. (Méret: ölyv méretű)",rare,2026-06-28 05:30:51.768033+00,2026-06-28 05:30:51.768033+00,Aves (Enantiornithes),3,általános iskola,1,null,null,null,Aves (Szemközti madarak),mindenevő,omnivore,mindszentyae
20260973-78b7-437e-81a4-0f5f61fc832e,Panoplosaurus,Panoplosaurus,dinosaur,Észak-Amerika,Mezozoikum,Kréta,késő-kréta,79,75,2.31,null,7,null,null,null,null,null,null,common,2026-06-30 05:45:11.276302+00,2026-06-30 05:45:11.276302+00,null,100,bonus,100,null,null,2.31,null,ismeretlen,unknown,
f0218948-9d8d-4abe-ab02-6db794badb4f,Euoplocephalus,Euoplocephalus,dinosaur,Észak-Amerika,Mezozoikum,Kréta,késő-kréta,76,70,2.31,null,7,null,2000,null,1897,Lawrence Lambe,"Az Euoplocephalus a késő kréta időszak egyik legjobban páncélozott ankylosaurida dinoszaurusza, amely Észak-Amerika területén élt. Egész testét, beleértve a szemhéjait is, vastag csontlemezek, tüskék és bütykök borították, amelyek szinte sebezhetetlenné tették a ragadozók számára. Súlyos farkának végén egy masszív, csontos bunkó helyezkedett el, amellyel képes volt eltörni a rátámadó theropodák lábát. Ez a széles, lapos testű, négy lábon járó növényevő alacsony aljnövényzettel táplálkozott, és nehézkes mozgása ellenére kora igazi élő tankjának számított.",common,2026-06-30 05:45:11.276302+00,2026-06-30 05:45:11.276302+00,null,1,bonus,5,null,null,2.31,null,ismeretlen,unknown,
5306619f-ed9c-4083-8b44-0991d98bfc9f,Parksosaurus,Parksosaurus,dinosaur,Észak-Amerika,Mezozoikum,Kréta,késő-kréta,76,74,0.99,null,3,null,null,null,1926,null,null,common,2026-06-30 05:45:11.276302+00,2026-06-30 05:45:11.276302+00,null,100,bonus,100,null,null,0.99,null,ismeretlen,unknown,
52a17b6a-a6cb-48f8-b0b8-f71a6d0b6037,Chirostenotes,Chirostenotes,dinosaur,Észak-Amerika,Mezozoikum,Kréta,késő-kréta,79,67,0.56,0.66,1.7,2,null,null,null,null,null,common,2026-06-30 05:45:11.276302+00,2026-06-30 05:45:11.276302+00,null,100,bonus,100,0.66,0.66,0.56,null,ismeretlen,unknown,
9d979dff-ffd4-4bd6-9641-67c8571018f7,Hadrosaurus,Hadrosaurus,dinosaur,Észak-Amerika,Mezozoikum,Kréta,késő-kréta,78,74,2.97,null,9,null,null,null,null,null,null,common,2026-06-30 05:45:11.276302+00,2026-06-30 05:45:11.276302+00,null,100,bonus,100,null,null,2.97,null,ismeretlen,unknown,
2a930232-479b-4469-a680-9029536729f7,Anchiceratops,Anchiceratops,dinosaur,Észak-Amerika,Mezozoikum,Kréta,késő-kréta,74,70,1.98,null,6,null,null,null,null,null,null,common,2026-06-30 05:45:11.276302+00,2026-06-30 05:45:11.276302+00,null,100,bonus,100,null,null,1.98,null,ismeretlen,unknown,
c8240e02-9590-4837-985f-abb98205e07c,Tylocephale,Tylocephale,dinosaur,Ázsia,Mezozoikum,Kréta,késő-kréta,75,72,0.46,null,1.4,null,null,null,null,null,null,common,2026-06-30 05:45:11.276302+00,2026-06-30 05:45:11.276302+00,null,100,bonus,null,null,null,0.46,null,ismeretlen,unknown,
5e0ae6b8-3ceb-46bc-a577-48b83fdf0a67,Ornitholestes,Ornitholestes,dinosaur,Észak-Amerika,Mezozoikum,Jura,késő-jura,150,144,0.66,null,2,null,null,null,null,null,null,common,2026-06-30 05:45:11.276302+00,2026-06-30 05:45:11.276302+00,null,100,bonus,100,null,null,0.66,null,ismeretlen,unknown,
f1ce4e2f-6ef9-47fc-9722-f7529465dede,Hagryphus,Hagryphus,dinosaur,Észak-Amerika,Mezozoikum,Kréta,késő-kréta,76,75,0.99,null,3,null,null,null,null,null,null,common,2026-06-30 05:45:11.276302+00,2026-06-30 05:45:11.276302+00,null,100,bonus,100,null,null,0.99,null,ismeretlen,unknown,
51140c1b-39d4-4a05-bdbb-0bc9f5fc2040,Torvosaurus,Torvosaurus,dinosaur,Észak-Amerika,Mezozoikum,Jura,késő-jura,155,144,3.30,null,10,null,null,null,null,null,null,common,2026-06-30 05:45:11.276302+00,2026-06-30 05:45:11.276302+00,null,100,bonus,100,null,null,3.30,null,ismeretlen,unknown,
2e08007c-41f8-4c52-b920-606d3518fe8b,Struthiomimus,Struthiomimus,dinosaur,Észak-Amerika,Mezozoikum,Kréta,késő-kréta,76,74,1.32,null,4,null,150,300,1901,Lawrence Lambe,"A Struthiomimus egy struccszerű, rendkívül gyors és mozgékony theropoda dinoszaurusz volt, amely a kés• kréta időszakban élt Észak-Amerikában. Fogatlan, madárszerű csőrrel, hosszú nyakkal, karcsú hátsó lábakkal és hosszú farokkal rendelkezett, ami tökéletes egyensúlyt biztosított futás közben. Valószínűleg mindenevő életmódot folytatott, így növényeket, gyümölcsöket, rovarokat és kisebb gerinceseket egyaránt fogyaszthatott. Kiváló látásának és lenyűgöző sebességének köszönhetően képes volt gyorsan elmenekülni a kor nagy testű ragadozói, például a tyrannoszauruszok elől.",common,2026-06-30 05:45:11.276302+00,2026-06-30 05:45:11.276302+00,null,1,bonus,5,null,null,1.32,null,ismeretlen,unknown,
706f1d10-0419-43ec-a59d-7ac12bb4f79e,Xenotarsosaurus,Xenotarsosaurus,dinosaur,Dél-Amerika,Mezozoikum,Kréta,kora-kréta,100,90,1.98,null,6,null,1500,null,1980,Ricardo Martínez,"A Xenotarsosaurus a késő kréta időszakban élt, közepes termetű theropoda dinoszaurusz, amely a mai Argentína területén vadászott. Az Abelisauridae család tagjaként rendkívül rövid, zömök koponyával és csökevényes, szinte teljesen funkciótlan mellső végtagokkal rendelkezett. Testhossza körülbelül 5-6 méter lehetett, és erőteljes hátsó lábain két lábon járva cserkészte be áldozatait. Különlegessége a bokaízület egyedi, teljesen összenőtt csontszerkezetében rejlik (innen kapta a különös boka nevet), ami rendkívüli stabilitást biztosított számára futás közben.",common,2026-06-30 05:45:11.276302+00,2026-06-30 05:45:11.276302+00,null,7,bonus,5,null,null,1.98,null,ismeretlen,unknown,
f9fdb70f-eaba-4783-bb0f-d1bf426e84b5,Giganotosaurus,Giganotosaurus,dinosaur,Dél-Amerika,Mezozoikum,Kréta,kora-kréta,112,90,4.13,null,12.5,null,8000,null,1993,Rubén Carolini (leírta Coria és Salgado),"A Giganotosaurus a valaha élt egyik legnagyobb ismert szárazföldi húsevő dinoszaurusz, amely a kréta időszak közepén uralkodott Dél-Amerika felett. Méreteit tekintve vetekedett a Tyrannosaurus rexszel, sőt testhossza (12-13 méter) és súlya (6-8 tonna) esetenként meg is haladhatta azt. Koponyája hatalmas volt, benne ollószerűen záródó állkapoccsal és éles, fűrészes szélű, lapos tépőfogakkal, amelyek alkalmasak voltak a hatalmas titanoszauruszok sebzésére. Bár agymérete és harapási ereje elmaradt a T. rexétől, lenyűgöző sebessége és puszta mérete kora vitathatatlan csúcsragadozójává tette.",common,2026-06-30 05:45:11.276302+00,2026-06-30 05:45:11.276302+00,null,8,bonus,5,null,null,4.13,null,ismeretlen,unknown,
84b07f3f-539e-49aa-95b1-aeb231a3fc83,Allosaurus,Allosaurus,dinosaur,Észak-Amerika,Mezozoikum,Jura,késő-jura,156,144,3.96,null,12,null,2000,null,1877,Othniel Charles Marsh,"A Allosaurus a késő jura időszak legelterjedtebb és legfélelmetesebb csúcsragadozója volt Észak-Amerika területén. Átlagosan 8-10 méter hosszúra nőtt, hatalmas koponyával, fűrészes fogakkal és háromujjú, erős karmokkal ellátott mellső végtagokkal rendelkezett. A kutatók szerint képes volt a nálánál sokkal nagyobb növényevőket, például a Diplodocusokat is megtámadni, valószínűleg falkákban vadászva. Rendkívül gyakori fosszíliái miatt a jura időszak legjobban ismert és legtöbbet tanulmányozott húsevő dinoszauruszának számít.",common,2026-06-30 05:45:11.276302+00,2026-06-30 05:45:11.276302+00,null,2,bonus,5,null,null,3.96,null,ismeretlen,unknown,
dfeab9c3-d922-49b2-835b-4c4bb37bea6f,Mussaurus,Mussaurus,dinosaur,Dél-Amerika,Mezozoikum,Triász,késő-triász,221,210,0.99,null,3,null,null,null,1970,José Bonaparte,"A Mussaurus egy korai, primitív növényevő sauropodomorpha dinoszaurusz, amely a késő triász időszakban élt Dél-Amerika déli részén. Neve egérgyíkot jelent, mivel az elsőként megtalált fosszíliák apró, mindössze néhány centiméteres fészekhagyó fiókák voltak. Később a felnőtt példányok maradványai is előkerültek, amelyek feltárták, hogy az állat kifejletten elérte a 3-5 méteres hosszúságot és az egy tonnás tömeget. Kiváló betekintést nyújt a dinoszauruszok egyedfejlődésébe, bemutatva, hogyan váltottak a kicsik négy lábú járásról felnőttkori két vagy négy lábú életmódra.",common,2026-06-30 05:45:11.276302+00,2026-06-30 05:45:11.276302+00,null,9,bonus,5,null,null,0.99,null,ismeretlen,unknown,
b9f4285b-0d32-4c1c-a7b0-73a2745f1976,Wannanosaurus,Wannanosaurus,dinosaur,Ázsia,Mezozoikum,Kréta,késő-kréta,84,71,0.20,null,0.6,null,null,null,1977,null,null,common,2026-06-30 05:45:11.276302+00,2026-06-30 05:45:11.276302+00,null,100,bonus,null,null,null,0.20,null,ismeretlen,unknown,
f4b3855e-31dd-458c-9671-f18e8c873ef3,Pentaceratops,Pentaceratops,dinosaur,Észak-Amerika,Mezozoikum,Kréta,késő-kréta,76,74,2.24,null,6.8,null,null,null,1921,Charles Hazelius Sternberg,"A Pentaceratops egy lenyűgöző megjelenésű, tülkös növényevő dinoszaurusz volt, amely a késő kréta időszakban élt Észak-Amerikában. Neve tévesen öt szarvú arcot jelent, valójában három valódi szarva volt, a másik kettő a pofacsontok oldalsó nyúlványa. Hatalmas, csontos nyakfodra a szárazföldi állatok körében az egyik legnagyobb koponyaszerkezetet eredményezte, amely elérhette a 2,3 méteres hosszúságot is. Ez a hordószerű testű, 6 méter hosszú állat alacsonyan fekvő növényzettel táplálkozott, és díszes nyakfodrát védekezésre vagy fajtársai elkápráztatására használta.",common,2026-06-30 05:45:11.276302+00,2026-06-30 05:45:11.276302+00,null,2,bonus,5,null,null,2.24,null,ismeretlen,unknown,
88df7d7e-cde6-4885-8f35-286c266bb1bf,Utahraptor,Utahraptor,dinosaur,Észak-Amerika,Mezozoikum,Kréta,kora-kréta,112,100,1.98,null,6,null,1000,null,1991,"Jim Kirkland, Rob Gaston és dán Columbe","A Utahraptor a valaha élt legnagyobb ismert dromaeosaurid (raptor) dinoszaurusz, amely a kora kréta időszakban vadászott Észak-Amerika területén. Ellentétben a filmekben látható kisebb rokonaival, a Utahraptor hatalmas termetű, akár 5-7 méter hosszú és közel 500 kilogramm súlyú fenevad volt. Hátsó lábának második ujján egy hatalmas, sarló alakú, akár 22-24 centiméteres karom helyezkedett el, amellyel halálos sebeket ejtett a zsákmányán. Erőteljes testfelépítése, nehéz csontozata és valószínűsíthető intelligenciája, valamint tollas borítása kora egyik legfélelmetesebb és legsikeresebb ragadozójává tette.",common,2026-06-30 05:45:11.276302+00,2026-06-30 05:45:11.276302+00,null,4,bonus,5,null,null,1.98,null,ismeretlen,unknown,
e7c95919-a333-4cfd-bb7e-e59164e175ce,Antarctosaurus,Antarctosaurus,dinosaur,Dél-Amerika,Mezozoikum,Kréta,késő-kréta,84,65,5.94,null,18,null,null,null,1912,Santiago Roth (leírta Friedrich von Huene),"Az Antarctosaurus egy gigantikus növényevő titanoszaurusz szauropoda volt, amely a késő kréta időszakban élt Dél-Amerika déli régióiban. Neve nem az Antarktiszra utal, hanem egyszerűen déli gyíkot jelent, tükrözve korai argentínai felfedezését. Testhossza elérhette a 18-25 métert, tömege pedig a fajtól függően a 30-60 tonnát is, így kora egyik legnagyobb élőlénye volt. Hosszú nyaka segítségével a legmagasabb fák lombkoronáját is elérte, miközben oszlopszerű, masszív végtagjai szilárdan tartották hatalmas testtömegét.",common,2026-06-30 05:45:11.276302+00,2026-06-30 05:45:11.276302+00,null,6,bonus,5,null,null,5.94,null,ismeretlen,unknown,
49c1b187-2818-43eb-9e5c-e7e91e126061,Tyrannosaurus,Tyrannosaurus,dinosaur,Észak-Amerika,Mezozoikum,Kréta,késő-kréta,68,66,3.96,null,12,null,7000,null,1902,Barnum Brown,"A Tyrannosaurus a történelem leghíresebb és egyik legnagyobb szárazföldi húsevő dinoszaurusza, amely a kréta időszak legvégén uralta Észak-Amerikát. Testhossza elérhette a 12-13 métert, tömege a 8-9 tonnát, miközben hatalmas koponyájában a valaha élt egyik legerősebb harapással rendelkező állkapocs lapult. Masszív hátsó lábain két lábon járt, egyensúlyát hosszú, nehéz farka biztosította, miközben mellső végtagjai nevetségesen kicsik, de meglepően erősek és kétujjúak voltak. Intelligens, kiváló szaglású és binokuláris látású csúcsragadozóként vagy dögevőként tartotta rettegésben környezetét a kréta-paleogén kihalási eseményig.",common,2026-06-30 05:45:11.276302+00,2026-06-30 05:45:11.276302+00,null,3,bonus,5,null,null,3.96,null,ismeretlen,unknown,
221715ff-3960-4cca-9366-b30c8461c7ea,Tyrannotitan,Tyrannotitan,dinosaur,Dél-Amerika,Mezozoikum,Kréta,kora-kréta,101,101,3.96,null,12,null,7000,null,2002,Tomás Rich csapata (leírva Novas és de Valais),"A Tyrannotitan egy félelmetes, hatalmas termetű húsevő dinoszaurusz volt, amely a kréta időszak kora szakaszában élt a mai Argentína területén. A Carcharodontosauridae család tagjaként szoros rokonságban állt a Giganotosaurusszal, és testhossza elérhette a 12-13 métert, súlya pedig az 5-7 tonnát. Masszív állkapcsában pengeszerű, fűrészes fogak sorakoztak, amelyek tökéletesen alkalmasak voltak a nagy testű növényevők húsának letépésére. Rövid mellső végtagjai ellenére kora egyik legdominánsabb csúcsragadozója volt Dél-Amerika ökoszisztémájában.",common,2026-06-30 05:45:11.276302+00,2026-06-30 05:45:11.276302+00,null,8,bonus,5,null,null,3.96,null,ismeretlen,unknown,
61d59ec6-f101-48db-b406-a2faa99f9416,Parasaurolophus,Parasaurolophus,dinosaur,Észak-Amerika,Mezozoikum,Kréta,késő-kréta,76,74,3.63,null,11,null,3500,null,1922,William Parks,"A Parasaurolophus a késő kréta időszak egyik legkülönlegesebb és legfelismerhetőbb kacsacsőrű (hadrosaurida) növényevője, amely Észak-Amerikában élt. Feje tetejéről egy hatalmas, üreges, hátrafelé nyúló csontos taréj indult ki, amely akár az 1,8 méteres hosszúságot is elérhette. Ez az üreges struktúra a legújabb kutatások szerint belső rezonátorként működött, amellyel az állat alacsony frekvenciájú, kürt- vagy harsonaszerű hangokat tudott kibocsátani a kommunikációhoz és a párkereséshez. Átlagosan 9-10 méter hosszú állat volt, amely csordákban élt, és képes volt négy lábon legelni, illetve veszély esetén a hátsó lábaira egyenesedve elszaladni.",common,2026-06-30 05:45:11.276302+00,2026-06-30 05:45:11.276302+00,null,3,bonus,5,null,null,3.63,null,ismeretlen,unknown,
f1671a96-2d41-4ab9-807a-247e92660110,Daspletosaurus,Daspletosaurus,dinosaur,Észak-Amerika,Mezozoikum,Kréta,késő-kréta,76,74,2.97,null,9,null,null,null,null,null,null,common,2026-06-30 05:45:11.276302+00,2026-06-30 05:45:11.276302+00,null,100,bonus,100,null,null,2.97,null,ismeretlen,unknown,
2e182036-4919-4ca1-a6be-e179c0ecf9a8,Edmontonia,Edmontonia,dinosaur,Észak-Amerika,Mezozoikum,Kréta,késő-kréta,76,74,1.32,null,4,null,null,null,null,null,null,common,2026-06-30 05:45:11.276302+00,2026-06-30 05:45:11.276302+00,null,100,bonus,100,null,null,1.32,null,ismeretlen,unknown,
a0a2beb4-65c8-478b-a41b-9c3d49025d39,Pinacosaurus,Pinacosaurus,dinosaur,Ázsia,Mezozoikum,Kréta,késő-kréta,81,75,1.65,null,5,null,1000,null,null,null,null,common,2026-06-30 05:45:11.276302+00,2026-06-30 05:45:11.276302+00,null,100,bonus,null,null,null,1.65,null,ismeretlen,unknown,
f1118358-a34f-4984-898c-ba7d533d4e7a,Udanoceratops,Udanoceratops,dinosaur,Ázsia,Mezozoikum,Kréta,késő-kréta,81,75,null,null,null,null,null,null,null,null,null,common,2026-06-30 05:45:11.276302+00,2026-06-30 05:45:11.276302+00,null,100,bonus,null,null,null,null,null,ismeretlen,unknown,
ec8db44f-c924-44c9-87ce-3b97ba13e476,Maiasaura,Maiasaura,dinosaur,Észak-Amerika,Mezozoikum,Kréta,késő-kréta,80,75,2.97,null,9,null,2500,null,null,null,null,common,2026-06-30 05:45:11.276302+00,2026-06-30 05:45:11.276302+00,null,100,bonus,100,null,null,2.97,null,ismeretlen,unknown,
06e6e5cf-7872-45ab-b108-6986e5f67191,Leaellynasaura,Leaellynasaura amicagraphica,dinosaur,Ázsia,Mezozoikum,Kréta,kora-kréta,118,110,0.66,0.99,2.0,3.0,null,null,1989,Tom Rich & Patricia Vickers-Rich,"Ausztrália déli részén felfedezett 'sarkvidéki' dinoszaurusz, amelynek nagy szemei és jó éjjellátó képessége volt a hideg klímához való alkalmazkodásként.",rare,2026-06-30 04:46:58.828164+00,2026-06-30 04:46:58.828164+00,null,3,doktori,4,0.99,0.99,0.66,null,ismeretlen,unknown,amicagraphica
9bb5414d-ea8f-41d1-a9dc-ed91117c2892,Camarasaurus,Camarasaurus,dinosaur,Észak-Amerika,Mezozoikum,Jura,késő-jura,150,140,7.59,null,23,null,20000,null,1877,Oramel William Lucas (leírta Edward Drinker Cope),"A Camarasaurus a késő jura időszak leggyakoribb és legjobban dokumentált szauropoda dinoszaurusza Észak-Amerikában. Körülbelül 15-20 méter hosszú és 20 tonna súlyú növényevő volt, amelynek csigolyáiban nagyméretű üregek (kamrák) helyezkedtek el a testtömeg csökkentése érdekében. Más szauropodákhoz képest a nyaka és farka rövidebb, koponyája viszont zömökebb és magasabb volt, benne kanál alakú, rendkívül erős fogakkal. Ez a robusztus fogazat lehetővé tette számára, hogy a Diplodocusnál sokkal keményebb, fásabb növényzetet és tűlevelűeket is elfogyasszon.",common,2026-06-30 05:45:11.276302+00,2026-06-30 05:45:11.276302+00,null,4,bonus,5,null,null,7.59,null,ismeretlen,unknown,
c0614c3f-2d29-47f9-b9b7-3312df57d3a1,Gasparinisaura,Gasparinisaura,dinosaur,Dél-Amerika,Mezozoikum,Kréta,késő-kréta,86,71,0.26,null,0.8,null,null,null,1992,Rodolfo Coria,"A Gasparinisaura egy kisméretű, fürge, két lábon járó növényevő dinoszaurusz volt, amely a késő kréta időszakban lakta Dél-Amerikát. Testhossza mindössze az 1-1,5 métert érte el, súlya pedig körülbelül egy nagyobb kutyáéhoz volt mérhető. Nagy szemei és karcsú hátsó lábai arra utalnak, hogy kitűnő érzékszervekkel rendelkező, gyors futó volt, ami elengedhetetlen volt a ragadozók elkerüléséhez. Felfedezése azért is jelentős, mert bizonyítja, hogy a kisméretű ornithopodák a kréta időszak végén is sikeresen virágoztak Dél-Amerika ökoszisztémájában.",common,2026-06-30 05:45:11.276302+00,2026-06-30 05:45:11.276302+00,null,8,bonus,5,null,null,0.26,null,ismeretlen,unknown,
46789206-2dff-4b68-b73d-7e52091608c7,Patagotitan,Patagotitan,dinosaur,Dél-Amerika,Mezozoikum,Kréta,kora-kréta,101,101,12.38,null,37.5,null,57000,null,2012,Aurelio Meira farmja (leírta Carballido és csapata),"A Patagotitan a valaha felfedezett egyik legnagyobb és legsúlyosabb titanoszaurusz szauropoda, amely a kréta időszak közepén élt Dél-Amerikában. Az Argentínában talált rendkívül jó állapotú csontvázak alapján a kutatók a testhosszát 37 méterre, míg tömegét csaknem 69 tonnára becsülik. Ez a kolosszális növényevő hatalmas mennyiségű lombozatot fogyasztott naponta, és puszta mérete miatt a kifejlett példányoknak nem volt természetes ellensége. Felfedezése alapjaiban formálta át a tudósok elképzeléseit a dinoszauruszok növekedési határairól és a gigantizmus evolúciójáról.",common,2026-06-30 05:45:11.276302+00,2026-06-30 05:45:11.276302+00,null,8,bonus,5,null,null,12.38,null,ismeretlen,unknown,
42b4b8eb-11d3-432c-b0ef-082f43ed66dd,Janenschia,Janenschia,dinosaur,Afrika,Mezozoikum,Jura,késő-jura,154,151,6.60,null,20,null,null,null,null,null,null,common,2026-06-30 05:45:11.276302+00,2026-06-30 05:45:11.276302+00,null,100,bonus,null,null,null,6.60,null,ismeretlen,unknown,
a8503554-01ba-46cc-bff6-a4e578082525,Saltasaurus,Saltasaurus,dinosaur,Dél-Amerika,Mezozoikum,Kréta,késő-kréta,70,65,3.96,null,12,null,null,null,1975,José Bonaparte és Jaime Powell,"A Saltasaurus egy különleges, viszonylag kisméretű szauropoda dinoszaurusz volt, amely a késő kréta időszakban élt a mai Argentína területén. Ez a faj forradalmasította a paleontológiát, ugyanis ez volt az első olyan hosszú nyakú dínó, amelynél megkövesedett páncélzatot, csontos bütyköket (osteodermákat) fedeztek fel a bőrben. Körülbelül 8-12 méter hosszúra nőtt, és robusztus testfelépítése, valamint hátának páncélzata hatékony védelmet nyújtott a korabeli ragadozókkal szemben. Jelentősége abban rejlik, hogy bebizonyította: a titanoszauruszok egy része páncélozott volt.",common,2026-06-30 05:45:11.276302+00,2026-06-30 05:45:11.276302+00,null,6,bonus,5,null,null,3.96,null,ismeretlen,unknown,
fdf66bed-cf6b-43fc-ac14-4f17c9ea7138,Deinonychus,Deinonychus,dinosaur,Észak-Amerika,Mezozoikum,Kréta,kora-kréta,120,110,0.99,null,3,null,75,null,1964,John Ostrom,"A Deinonychus egy rendkívül fontos, kistermetű, de annál veszélyesebb theropoda dinoszaurusz, amely a kora kréta időszakban élt Észak-Amerikában. Felfedezése indította el a dínó-reneszánszt a paleontológiában, mivel bizonyította, hogy a dinoszauruszok nem lassú, hüllőszerű lények, hanem melegvérű, aktív és intelligens állatok voltak. Körülbelül 3,4 méter hosszú volt, hátsó lábain egy-egy hatalmas, sarló alakú karom díszlett, amellyel borzalmas sebeket ejtett áldozatain. Merev farok szerkezete tökéletes egyensúlyozást biztosított ugrás és gyors irányváltás közben, és feltételezhetően összehangolt csoportokban vadászott.",common,2026-06-30 05:45:11.276302+00,2026-06-30 05:45:11.276302+00,null,3,bonus,5,null,null,0.99,null,ismeretlen,unknown,
4da69423-506a-4335-959c-7398211e3fee,Oviraptor,Oviraptor philoceratops,dinosaur,Ázsia,Mezozoikum,Kréta,késő-kréta,75,71,0.53,0.66,1.6,2.0,20,30,1923,Roy Chapman Andrews,"Kisméretű mongol theropoda, amelyet kezdetben fészekrablónak hittek, ám később kiderült, hogy saját tojásait védelmezte fészekalján.",common,2026-06-30 04:46:58.828164+00,2026-06-30 04:46:58.828164+00,null,1,doktori,4,0.66,0.66,0.53,null,ismeretlen,unknown,philoceratops
f8c343e9-338d-4971-ad15-e30e6a69ddbb,Chilantaisaurus,Chilantaisaurus,dinosaur,Ázsia,Mezozoikum,Kréta,kora-kréta,142,127,4.29,null,13,null,null,null,null,null,null,common,2026-06-30 05:45:11.276302+00,2026-06-30 05:45:11.276302+00,null,100,bonus,null,null,null,4.29,null,ismeretlen,unknown,
10aa19da-d984-404e-9e4d-913aea604019,Dicraeosaurus,Dicraeosaurus,dinosaur,Afrika,Mezozoikum,Jura,késő-jura,150,135,6.60,null,20,null,null,null,null,null,null,common,2026-06-30 05:45:11.276302+00,2026-06-30 05:45:11.276302+00,null,100,bonus,null,null,null,6.60,null,ismeretlen,unknown,
b98ccb02-e3ab-4616-a35f-2067bf64a6ea,Diplodocus,Diplodocus,dinosaur,Észak-Amerika,Mezozoikum,Jura,késő-jura,155,145,8.58,null,26,null,15000,25000,1877,Benjamin Mudge és Samuel Wendell Williston,"A Diplodocus a késő jura időszak ikonikus, rendkívül hosszú testű növényevő dinoszaurusza, amely Észak-Amerika vidékeit népesítette be. Testfelépítését a rendkívül hosszú, ostorszerű farok és a megnyúlt nyak dominálta, amelyek segítségével hatalmas területekről tudta lelegelni a növényzetet anélkül, hogy megmozdult volna. Testhossza elérhette a 25-30 métert is, miközben testtömege a többi szauropodához képest viszonylag könnyű, nagyjából 10-15 tonna maradt. Híres ostorszerű farkát a kutatók szerint védekezésre vagy hangos csattogtatásra, kommunikációra is használhatta.",common,2026-06-30 05:45:11.276302+00,2026-06-30 05:45:11.276302+00,null,1,bonus,5,null,null,8.58,null,ismeretlen,unknown,
de121a36-048f-4b8d-8240-c39d22799327,Gorgosaurus,Gorgosaurus,dinosaur,Észak-Amerika,Mezozoikum,Kréta,késő-kréta,80,73,2.84,null,8.6,null,null,null,1913,Lawrence Lambe,"A Gorgosaurus a Tyrannosauridae családba tartozó, félelmetes, két lábon járó csúcsragadozó volt, amely a késő kréta időszakban élt Észak-Amerika nyugati részén. Körülbelül 8-9 méter hosszúra nőtt, súlya elérte a 2-3 tonnát, így valamivel kisebb és könnyebb volt, mint híres utódja, a T. rex. Karcsúbb testfelépítése és hosszú hátsó végtagjai miatt rendkívül gyors és mozgékony vadásznak számított, amely könnyedén utolérte a kacsacsőrű dínókat. Hatalmas koponyájában tucatnyi éles, hátrafelé hajló fog sorakozott, amelyekkel könnyedén összeroppantotta a zsákmány csontjait.",common,2026-06-30 05:45:11.276302+00,2026-06-30 05:45:11.276302+00,null,3,bonus,5,null,null,2.84,null,ismeretlen,unknown,
7d5f991a-9167-4a57-b295-b7816ba184c5,Alvarezsaurus,Alvarezsaurus,dinosaur,Dél-Amerika,Mezozoikum,Kréta,késő-kréta,89,85,0.66,null,2,null,null,null,1987,José Bonaparte,"Az Alvarezsaurus egy kisméretű, rendkívül madárszerű és különleges theropoda dinoszaurusz, amely a késő kréta időszakban élt a mai Argentína területén. Testhossza nagyjából 1-1,5 méter volt, súlya pedig alig érte el a néhány kilogrammot, felépítése karcsú, hosszú lábú futómadárhoz hasonlított. Legmeghökkentőbb tulajdonsága a csökevényes, ám rendkívül erős mellső végtagja, amelyen egyetlen, hatalmasra nőtt karom ült. A paleontológusok szerint ezt a speciális karmot a mai sörényes hangyászokhoz hasonlóan hangyabolyok és korhadt fák feltépésére használhatta, hogy rovarokkal táplálkozzon.",common,2026-06-30 05:45:11.276302+00,2026-06-30 05:45:11.276302+00,null,7,bonus,5,null,null,0.66,null,ismeretlen,unknown,
b7b165da-0a1e-417e-a48e-8dad362aec7d,Unenlagia,Unenlagia,dinosaur,Dél-Amerika,Mezozoikum,Kréta,késő-kréta,94,86,0.79,null,2.4,null,null,null,1996,José Bonaparte,"Az Unenlagia egy madárszerű jellemzőkkel bíró, kecses és kistermetű dromaeosaurid dinoszaurusz, amely a kréta időszakban lakta Dél-Amerikát. Körülbelül 2-3 méter hosszú volt, és felépítése rendkívül szoros evolúciós kapcsolatot mutat a madarak ősével. Vállszerkezete lehetővé tette, hogy mellső végtagjait a mai madarakhoz hasonlóan emelje és mozgassa, bár repülésre még képtelen volt, és testét valószínűleg tollak borították. Gyors, két lábon futó ragadozóként kis termetű gerincesekre vadászott a korabeli erdős és folyóparti területeken.",common,2026-06-30 05:45:11.276302+00,2026-06-30 05:45:11.276302+00,null,9,bonus,5,null,null,0.79,null,ismeretlen,unknown,
9281d140-0c2f-4618-8b95-2d3bf7d7fbec,Argentinosaurus,Argentinosaurus,dinosaur,Dél-Amerika,Mezozoikum,Kréta,késő-kréta,90,90,11.55,null,35,null,70000,null,1987,Guillermo Heredia (leírta Bonaparte és Coria),"Az Argentinosaurus a valaha élt egyik legnagyobb szárazföldi állat volt, amely a késő kréta időszakban lakta Dél-Amerika területét. Ez a gigantikus, növényevő szauropoda akár a 30-40 méteres hosszúságot és a 70-90 tonnás testtömeget is elérhette. Hatalmas oszlopszerű lábakon járt, rendkívül hosszú nyaka és farka volt, és feltehetően csordákban vonult a ragadozók elleni védelem érdekében. Mivel maradványai igen töredékesek, a pontos méreteinek meghatározása mindmáig a paleontológusok egyik legnagyobb kihívása.",common,2026-06-30 05:45:11.276302+00,2026-06-30 05:45:11.276302+00,null,6,bonus,5,null,null,11.55,null,ismeretlen,unknown,
295f468e-48ff-4d66-ab0d-6c787bcfef76,Protoceratops,Protoceratops andrewsi,dinosaur,Ázsia,Mezozoikum,Kréta,késő-kréta,75,71,0.59,0.83,1.8,2.5,400,null,1923,Roy Chapman Andrews,"A 'kréta kor juhának' is nevezik, mivel Mongóliában és Kínában rendkívül sok leletét találták meg.",common,2026-06-30 04:46:58.828164+00,2026-06-30 04:46:58.828164+00,null,2,doktori,4,0.83,0.83,0.59,null,ismeretlen,unknown,andrewsi
ff371cd4-b3bc-4467-ba61-f42e5a5d07a7,Nanshiungosaurus,Nanshiungosaurus,dinosaur,Ázsia,Mezozoikum,Kréta,késő-kréta,84,71,1.45,1.75,4.4,5.3,null,null,null,null,null,common,2026-06-30 05:45:11.276302+00,2026-06-30 05:45:11.276302+00,null,100,bonus,null,1.75,1.75,1.45,null,ismeretlen,unknown,
e3d5894e-1e75-498d-8106-1766a741dd8f,Pelicanimimus,Pelicanimimus,dinosaur,Európa,Mezozoikum,Kréta,kora-kréta,127,121,0.66,0.83,2,2.5,null,null,null,null,null,common,2026-06-30 05:45:11.276302+00,2026-06-30 05:45:11.276302+00,null,100,bonus,null,0.83,0.83,0.66,null,ismeretlen,unknown,
caf0e998-ea93-4ab7-a8db-ae6b1059e8c3,Gobisaurus,Gobisaurus,dinosaur,Ázsia,Mezozoikum,Kréta,kora-kréta,121,99,1.65,null,5,null,null,null,null,null,null,common,2026-06-30 05:45:11.276302+00,2026-06-30 05:45:11.276302+00,null,100,bonus,null,null,null,1.65,null,ismeretlen,unknown,
c6f20126-3514-4e31-8cec-9dcc8c130337,Valdosaurus,Valdosaurus,dinosaur,Európa,Mezozoikum,Kréta,kora-kréta,142,121,0.99,null,3,null,null,null,null,null,null,common,2026-06-30 05:45:11.276302+00,2026-06-30 05:45:11.276302+00,null,100,bonus,null,null,null,0.99,null,ismeretlen,unknown,
bac2ad8a-2d8f-4763-80f1-f83f1ed6e1e9,Equijubus,Equijubus,dinosaur,Ázsia,Mezozoikum,Kréta,kora-kréta,127,99,null,null,null,null,null,null,null,null,null,common,2026-06-30 05:45:11.276302+00,2026-06-30 05:45:11.276302+00,null,100,bonus,null,null,null,null,null,ismeretlen,unknown,
59a62755-97a8-497f-a646-b902243b4725,Pleurocoelus,Pleurocoelus,dinosaur,Észak-Amerika,Mezozoikum,Kréta,kora-kréta,121,99,null,null,null,null,null,null,null,null,null,common,2026-06-30 05:45:11.276302+00,2026-06-30 05:45:11.276302+00,null,100,bonus,100,null,null,null,null,ismeretlen,unknown,
fcaf24ca-1a13-411a-9fe5-b50ff57cd1c5,Deinocheirus,Deinocheirus mirificus,dinosaur,Ázsia,Mezozoikum,Kréta,késő-kréta,70,70,3.63,3.63,11.0,11.0,null,null,1965,Zofia Kielan-Jaworowska,Hatalmas karjairól és a hátán lévő púpról ismert mindenevő dinoszaurusz Mongóliából.,legendary,2026-06-30 04:46:58.828164+00,2026-06-30 04:46:58.828164+00,null,3,doktori,4,3.63,3.63,3.63,null,ismeretlen,unknown,mirificus
07b9366e-a4b2-4765-a2f4-e2b632e30bc2,Garudimimus,Garudimimus,dinosaur,Ázsia,Mezozoikum,Kréta,késő-kréta,99,89,1.55,null,4.7,null,null,null,null,null,null,common,2026-06-30 05:45:11.276302+00,2026-06-30 05:45:11.276302+00,null,100,bonus,null,null,null,1.55,null,ismeretlen,unknown,
1bf06abe-a110-4647-8a95-323338368ea4,Cryolophosaurus,Cryolophosaurus,dinosaur,Antarktika,Mezozoikum,Jura,középső-jura,170,170,2.64,null,8,null,500,null,null,null,null,common,2026-06-30 05:45:11.276302+00,2026-06-30 05:45:11.276302+00,null,100,bonus,null,null,null,2.64,null,ismeretlen,unknown,
ecbd7710-4d87-49a4-84f1-05ed3daf176c,Micropachycephalosaurus,Micropachycephalosaurus,dinosaur,Ázsia,Mezozoikum,Kréta,késő-kréta,84,71,0.20,null,0.6,null,null,null,null,null,null,common,2026-06-30 05:45:11.276302+00,2026-06-30 05:45:11.276302+00,null,100,bonus,null,null,null,0.20,null,ismeretlen,unknown,
b87f6484-b862-4eba-9043-848875e526e1,Chungkingosaurus,Chungkingosaurus,dinosaur,Ázsia,Mezozoikum,Jura,késő-jura,159,142,1.32,null,4,null,null,null,null,null,null,common,2026-06-30 05:45:11.276302+00,2026-06-30 05:45:11.276302+00,null,100,bonus,null,null,null,1.32,null,ismeretlen,unknown,
f74cacfe-ab9c-420a-8815-9ea89b9b470b,Stenopelix,Stenopelix,dinosaur,Európa,Mezozoikum,Kréta,kora-kréta,127,121,0.50,null,1.5,null,null,null,null,null,null,common,2026-06-30 05:45:11.276302+00,2026-06-30 05:45:11.276302+00,null,100,bonus,null,null,null,0.50,null,ismeretlen,unknown,
b86dce94-c74e-460a-8d45-22d97237fe96,Shunosaurus,Shunosaurus,dinosaur,Ázsia,Mezozoikum,Jura,középső-jura,170,160,3.30,null,10,null,null,null,null,null,null,common,2026-06-30 05:45:11.276302+00,2026-06-30 05:45:11.276302+00,null,100,bonus,null,null,null,3.30,null,ismeretlen,unknown,
27e3031b-5dbc-42a9-b29a-2f8d594ecab2,Xiaosaurus,Xiaosaurus,dinosaur,Ázsia,Mezozoikum,Jura,középső-jura,169,163,0.33,null,1,null,10,null,null,null,null,common,2026-06-30 05:45:11.276302+00,2026-06-30 05:45:11.276302+00,null,100,bonus,null,null,null,0.33,null,ismeretlen,unknown,
1b6c22ec-c43a-4f24-9d55-517c485686fe,Othnielia,Othnielia,dinosaur,Észak-Amerika,Mezozoikum,Jura,késő-jura,154,142,0.46,null,1.4,null,null,null,null,null,null,common,2026-06-30 05:45:11.276302+00,2026-06-30 05:45:11.276302+00,null,100,bonus,null,null,null,0.46,null,ismeretlen,unknown,
f4f2660d-2889-4df5-bf3d-bbc1d06023a1,Uriash,Uriash kadici,dinosaur,Kárpát-medence,Mezozoikum,Kréta,késő-kréta,70,66,3.15,3.85,9.0,11.0,8000.0,9000.0,2023,Paleontológus kutatók,"Ezt a rendkívül új titanoszaurusz fajt a Hátszegi-medence legfiatalabb kréta időszaki rétegeiből írták le a szakemberek. Jelentős testi méreteivel és súlyával ez az állat teljesen megtöri a Hátszegi-sziget korábbi, kizárólagos szigeti törpenövésről szóló elméletét. Megjelenése arra utal, hogy a kréta időszak legvégén egy újabb, nagyobb testű dínókból álló bevándorlási hullám érte el az egykori szigetvilágot.",common,2026-06-28 04:57:47.338575+00,2026-06-28 04:57:47.338575+00,"Saurischia (Sauropoda, Titanosauria)",3,általános iskola,1,3.85,3.85,3.15,"Saurischia (Sauropodák, Titanoszauruszok)",növényevő,herbivore,kadici
3fa7c768-a6d3-484a-9232-edceb5cb747b,Scelidosaurus,Scelidosaurus harrisonii,dinosaur,Európa,Mezozoikum,Triász,késő-triász,208,191.0,1.20,1.20,4,4.0,null,250.0,1859,"James Harrison, leírta Richard Owen","Az egyik legkorábbi és egyben legteljesebb állapotban megőrződött páncélos dinoszaurusz a kora jura időszakból. Apró, csontos bütykökkel és tüskékkel borított teste alapján a kutatók ma egy olyan 'átmeneti' formának tekintik, amely még a páncélos dinoszauruszok két nagy ága, az ankylosauriák és a stegosauriák szétválása előtt élt. Csontvázának szokatlanul jó megőrződése miatt sokat tudunk a koponyájának és fogazatának apró részleteiről is.",common,2026-06-28 05:04:05.68662+00,2026-06-28 05:04:05.68662+00,Ornithischia (Thyreophora),2,középiskola,2,1.20,1.20,1.20,Ornithischia (Páncélos dinoszauruszok),növényevő,herbivore,harrisonii
9531b222-6123-429a-8aa0-b47711489c2e,Polacanthus,Polacanthus foxii,dinosaur,Európa,Mezozoikum,Kréta,kora-kréta,125,125.0,1.25,1.25,5,5.0,null,2000.0,1865,William Fox,"Ezt a súlyos páncélzattal, hosszú tüskékkel és egy merev, csontos csípőpajzzsal rendelkező növényevőt az Isle of Wight szigetén fedezték fel. Hátán és farkán végighúzódó tüskesor hatékony védelmet adott a kora kréta időszak ragadozóival szemben, ám farkának végén, a későbbi ankylosauridáktól eltérően, nem fejlődött ki csontos bunkó. Az egyik legkorábbi és legjobban ismert páncélos dinoszaurusz Európában.",common,2026-06-28 05:04:05.68662+00,2026-06-28 05:04:05.68662+00,Ornithischia (Ankylosauria),3,középiskola,2,1.25,1.25,1.25,Ornithischia (Páncélos dinoszauruszok),növényevő,herbivore,foxii
fb56d5a3-78d6-4861-88a9-17dbc94f5849,Hypsilophodon,Hypsilophodon foxii,dinosaur,Európa,Mezozoikum,Kréta,kora-kréta,125,125.0,0.81,0.63,2.3,1.8,50,20.0,1869,William Fox,"Kistermetű, finom felépítésű, madármedencéjű növényevő, amely hosszú lábaival rendkívül gyors futásra volt képes. A kutatók sokáig hibásan azt feltételezték, hogy fán élő, ágakon ugráló állat volt, ám a mai elemzések szerint kizárólag a talajon mozgott. Az Isle of Wight szigetén talált, viszonylag gyakori maradványai segítettek megérteni a kora kréta időszaki angliai ökoszisztéma kisebb növényevőit.",common,2026-06-28 05:04:05.68662+00,2026-06-28 05:04:05.68662+00,Ornithischia (Ornithopoda),3,középiskola,2,0.63,0.63,0.81,Ornithischia (Madárlábúak),növényevő,herbivore,foxii
db8b88bb-efbd-4e93-8726-18575e3a6ffc,Neovenator,Neovenator salerii,dinosaur,Európa,Mezozoikum,Kréta,kora-kréta,127,125.0,2.81,2.85,7.4,7.5,null,1000.0,1978,Steve Hutt csapata,"Az európai kora kréta időszak egyik legfélelmetesebb csúcsragadozója, egy nagytestű allosauroidea theropoda az Isle of Wight szigetéről. Csontvázának viszonylag teljes megőrződése révén az egyik legjobban ismert nagytestű ragadozó dinoszaurusz egész Európában. Karcsú, hosszú lábai gyors mozgásra utalnak, amellyel könnyen üldözhette a kora kréta időszak növényevőit.",common,2026-06-28 05:04:05.68662+00,2026-06-28 05:04:05.68662+00,"Saurischia (Theropoda, Allosauroidea)",1,középiskola,2,2.85,2.85,2.81,"Saurischia (Theropodák, Alloszaurusz-alkatúak)",ragadozó,carnivore,salerii
64713cd9-022d-4b1a-ab8a-4db4f3ed4d37,Buitreraptor,Buitreraptor,dinosaur,Dél-Amerika,Mezozoikum,Kréta,késő-kréta,99,90,0.43,null,1.3,null,null,null,2004,"Peter Makovicky, Sebastián Apesteguía és Agnolín","A Buitreraptor egy kistermetű, rendkívül specializálódott dromaeosaurid (raptor) dinoszaurusz volt, amely a kréta időszakban élt a mai Argentína területén. Körülbelül egy nagyobb kakas méretével vetekedett, teste könnyű, kecses és áramvonalas volt, hosszú, vékony hátsó lábakkal a gyors futáshoz. Legkülönlegesebb tulajdonsága a rendkívül megnyúlt, keskeny koponyája, amelyben sok apró, hegyes fog ült a megszokott nagy, hajlított tépőfogak helyett. Ez a felépítés arra utal, hogy nem nagy zsákmányra vadászott, hanem kis emlősöket, gyíkokat és esetleg halakat kapott el a sekély vizekben.",common,2026-06-30 05:45:11.276302+00,2026-06-30 05:45:11.276302+00,null,9,bonus,5,null,null,0.43,null,ismeretlen,unknown,
9bd12388-fccb-4af0-9835-c49312ce3ae0,Stegosaurus,Stegosaurus,dinosaur,Észak-Amerika,Mezozoikum,Jura,késő-jura,155,145,2.97,null,9,null,null,null,1877,Othniel Charles Marsh,"A Stegosaurus a világ egyik legnépszerűbb és legkönnyebben felismerhető dinoszaurusza, amely a késő jura időszakban élt Észak-Amerikában. Hátán két sorban hatalmas, rombusz alakú csontlemezek meredeztek, amelyek a testhőmérséklet szabályozásában vagy a vizuális elrettentésben játszhattak szerepet. Farkának végén négy félelmetes, hegyes csonttüske helyezkedett el, amellyel halálos csapásokat mérhetett a rátámadó ragadozókra. Hatalmas, elefántszerű teste ellenére meglepően apró koponyája és dió nagyságú agya volt, így kizárólag a talajszinthez közeli puha növényzetet fogyasztotta.",common,2026-06-30 05:45:11.276302+00,2026-06-30 05:45:11.276302+00,null,3,bonus,5,null,null,2.97,null,ismeretlen,unknown,
9685abe1-7d92-49bc-a53a-6674631c61c7,Sonidosaurus,Sonidosaurus,dinosaur,Ázsia,Mezozoikum,Kréta,késő-kréta,89,65,2.97,null,9,null,null,null,null,null,null,common,2026-06-30 05:45:11.276302+00,2026-06-30 05:45:11.276302+00,null,100,bonus,null,null,null,2.97,null,ismeretlen,unknown,
fd0eaf3e-f9eb-4195-b24b-d5ec00d6e3b3,Lambeosaurus,Lambeosaurus,dinosaur,Észak-Amerika,Mezozoikum,Kréta,késő-kréta,76,74,2.97,null,9,null,null,null,1923,null,null,common,2026-06-30 05:45:11.276302+00,2026-06-30 05:45:11.276302+00,null,100,bonus,100,null,null,2.97,null,ismeretlen,unknown,
782a91c3-b358-469f-a696-20b5b177a0e9,Irritator,Irritator,dinosaur,Dél-Amerika,Mezozoikum,Kréta,kora-kréta,112,99,2.15,null,6.5,null,null,null,1995,Illegális kövületgyűjtők (leírta Martill és csapata),"Az Irritator a Spinosauridae családba tartozó, különleges theropoda dinoszaurusz, amely a kora kréta időszakban élt a mai Brazília területén. Nevét onnan kapta, hogy a paleontológusok rendkívül irritálónak találták a fosszília helyreállítását, miután illegális fosszíliavadászok autó gittel módosították a leletet. Krokodilszerű, megnyúlt koponyája és egyenes, kúpos fogai arra utalnak, hogy elsősorban halászatra specializálódott, de kisebb pteroszauruszokat vagy dínókat is fogyaszthatott. Hátán valószínűleg egy kisebb vitorla vagy púp húzódott, ami a testhőmérséklet szabályozását vagy a fajtársak közötti jelzést szolgálhatta.",common,2026-06-30 05:45:11.276302+00,2026-06-30 05:45:11.276302+00,null,7,bonus,5,null,null,2.15,null,ismeretlen,unknown,
aade065b-e122-437f-b359-1f4b866aa782,Kritosaurus,Kritosaurus,dinosaur,Észak-Amerika,Mezozoikum,Kréta,késő-kréta,78,74,2.64,null,8,null,null,null,1904,null,null,common,2026-06-30 05:45:11.276302+00,2026-06-30 05:45:11.276302+00,null,100,bonus,100,null,null,2.64,null,ismeretlen,unknown,
435b1e40-0667-431d-87c9-40935d889c9b,Chubutisaurus,Chubutisaurus,dinosaur,Dél-Amerika,Mezozoikum,Kréta,kora-kréta,112,99,7.59,null,23,null,null,null,1965,Guillermo del Corro,"A Chubutisaurus egy nagyméretű, korai titanoszauriform szauropoda növényevő volt, amely a kréta időszak elején élt Argentína Chubut tartományában. Körülbelül 23 méter hosszú és 20 tonna tömegű állat volt, amely átmenetet képez a klasszikus Brachiosauridák és a későbbi fejlett Titanoszauruszok között. Masszív, robusztus végtagokkal rendelkezett, amelyek elbírták hatalmas testét a mocsaras, folyóparti környezetben. Fontos lelet a paleontológia számára, mert segít megérteni a gigantikus dél-amerikai növényevők korai törzsfejlődését.",common,2026-06-30 05:45:11.276302+00,2026-06-30 05:45:11.276302+00,null,8,bonus,5,null,null,7.59,null,ismeretlen,unknown,
58844718-252c-4bc9-99ee-b7fcff6e0867,Gallimimus,Gallimimus bullatus,dinosaur,Ázsia,Mezozoikum,Kréta,késő-kréta,70,70,1.98,2.64,6.0,8.0,200,null,1972,Rinchen Barsbold,"Madárszerű megjelenésű, feltehetően gyors futásra alkalmas dinoszaurusz Mongóliából.",common,2026-06-30 04:46:58.828164+00,2026-06-30 04:46:58.828164+00,null,3,doktori,4,2.64,2.64,1.98,null,ismeretlen,unknown,bullatus
821c4411-05de-43b8-9ad8-16fc4f1539ac,Leptoceratops,Leptoceratops,dinosaur,Észak-Amerika,Mezozoikum,Kréta,késő-kréta,67,65,0.99,null,3,null,null,null,1910,null,null,common,2026-06-30 05:45:11.276302+00,2026-06-30 05:45:11.276302+00,null,100,bonus,100,null,null,0.99,null,ismeretlen,unknown,
8d14c484-c9f4-411e-8ce6-8c3c6f50ca6e,Dryptosaurus,Dryptosaurus,dinosaur,Észak-Amerika,Mezozoikum,Kréta,késő-kréta,84,65,2.11,null,6.4,null,null,null,null,null,null,common,2026-06-30 05:45:11.276302+00,2026-06-30 05:45:11.276302+00,null,100,bonus,100,null,null,2.11,null,ismeretlen,unknown,
b6c2c6f5-0586-4523-bd7e-9abdd8ab6d67,Stegoceras,Stegoceras,dinosaur,Észak-Amerika,Mezozoikum,Kréta,késő-kréta,76,74,0.79,null,2.4,null,null,null,null,null,null,common,2026-06-30 05:45:11.276302+00,2026-06-30 05:45:11.276302+00,null,100,bonus,100,null,null,0.79,null,ismeretlen,unknown,
92da35b5-0549-4445-8387-209e288d7dc1,Einiosaurus,Einiosaurus,dinosaur,Észak-Amerika,Mezozoikum,Kréta,késő-kréta,74,74,1.98,null,6,null,null,null,null,null,null,common,2026-06-30 05:45:11.276302+00,2026-06-30 05:45:11.276302+00,null,100,bonus,100,null,null,1.98,null,ismeretlen,unknown,
ac6620dd-f5b7-4c17-bded-f5b253ba2a52,Prenocephale,Prenocephale,dinosaur,Ázsia,Mezozoikum,Kréta,késő-kréta,80,65,0.79,null,2.4,null,null,null,null,null,null,common,2026-06-30 05:45:11.276302+00,2026-06-30 05:45:11.276302+00,null,100,bonus,null,null,null,0.79,null,ismeretlen,unknown,
62da02ce-f5e4-41d7-92be-2db4d79d23ab,Quaesitosaurus,Quaesitosaurus,dinosaur,Ázsia,Mezozoikum,Kréta,késő-kréta,86,84,7.59,null,23,null,null,null,null,null,null,common,2026-06-30 05:45:11.276302+00,2026-06-30 05:45:11.276302+00,null,100,bonus,null,null,null,7.59,null,ismeretlen,unknown,
7d5474fa-96cd-425e-859d-5b725c438b09,Microceratus,Microceratus,dinosaur,Ázsia,Mezozoikum,Kréta,késő-kréta,86,66,0.17,null,0.5,null,null,null,1953,null,null,common,2026-06-30 05:45:11.276302+00,2026-06-30 05:45:11.276302+00,null,100,bonus,null,null,null,0.17,null,ismeretlen,unknown,
99d34b58-a876-45b6-aaab-0ab1a7dee278,Stygimoloch,Stygimoloch,dinosaur,Észak-Amerika,Mezozoikum,Kréta,késő-kréta,67,65,0.99,null,3,null,null,null,1982,null,null,common,2026-06-30 05:45:11.276302+00,2026-06-30 05:45:11.276302+00,null,100,bonus,100,null,null,0.99,null,ismeretlen,unknown,
ffe2a583-f260-4f72-a767-2034a39e03fd,Struthiosaurus,Struthiosaurus transylvanicus,dinosaur,Kárpát-medence,Mezozoikum,Kréta,késő-kréta,72,66,0.50,0.75,2.0,3.0,300.0,400.0,1895,Báró Nopcsa Ferenc,"A Hátszegi-medence folyóvízi üledékeiből előkerült páncélos növényevő maradványait szintén a híres erdélyi polihisztor írta le a szakvilág számára. Az állat közeli rokonságban állt a Magyarország területéről előkerült iharkúti formákkal, köztük a Hungarosaurusszal is. Testét súlyos csontos páncélelemek és tüskék borították, amelyek hatékony védelmet nyújtottak a korabeli ragadozókkal szemben.",common,2026-06-28 04:57:47.338575+00,2026-06-28 04:57:47.338575+00,"Ornithischia (Ankylosauria, Nodosauridae)",1,általános iskola,1,0.75,0.75,0.50,"Ornithischia (Páncélos dinoszauruszok, Nodosauridák)",növényevő,herbivore,transylvanicus
0b6c6191-8285-4b65-91b3-9dcfa4eb0bea,Styracosaurus,Styracosaurus,dinosaur,Észak-Amerika,Mezozoikum,Kréta,késő-kréta,76,70,1.82,null,5.5,null,null,null,1913,Lawrence Lambe,"A Styracosaurus a késő kréta időszak egyik leglátványosabb ceratopsida (tülkös) dinoszaurusza, amely Észak-Amerika folyóvölgyeiben élt. Orrán egyetlen hatalmas, akár 60 centiméteres egyenes szarvat viselt, miközben csontos nyakfodrából 4-6 hosszú, félelmetes tüske meredt hátrafelé és oldalra. Ez a robusztus, hordó alakú növényevő nagyjából 5-6 méter hosszú volt, és négy erős lábon járt, hasonlóan a mai orrszarvúakhoz. Lenyűgöző fejdísze hatékony fegyverként szolgált a ragadozók ellen, de a fajon belüli kommunikációban és a párválasztási párviadalokban is kulcsszerepe lehetett.",common,2026-06-30 05:45:11.276302+00,2026-06-30 05:45:11.276302+00,null,4,bonus,5,null,null,1.82,null,ismeretlen,unknown,
46e069c4-a45f-435d-a4e0-3ec793db1dde,Sinocalliopteryx,Sinocalliopteryx,dinosaur,Ázsia,Mezozoikum,Kréta,kora-kréta,125,125,0.78,null,2.37,null,null,null,null,null,null,common,2026-06-30 05:45:11.276302+00,2026-06-30 05:45:11.276302+00,null,100,bonus,null,null,null,0.78,null,ismeretlen,unknown,
639b45a5-0a46-4686-95d4-d3067ead3ff4,Microraptor,Microraptor,dinosaur,Ázsia,Mezozoikum,Kréta,kora-kréta,125,122,0.26,null,0.8,null,1,2,null,null,null,common,2026-06-30 05:45:11.276302+00,2026-06-30 05:45:11.276302+00,null,100,bonus,null,null,null,0.26,null,ismeretlen,unknown,
7cbaded7-30a6-4cc4-8ab0-9e2a84359b87,Sinovenator,Sinovenator,dinosaur,Ázsia,Mezozoikum,Kréta,kora-kréta,127,121,0.33,null,1,null,null,null,2001,null,null,common,2026-06-30 05:45:11.276302+00,2026-06-30 05:45:11.276302+00,null,100,bonus,null,null,null,0.33,null,ismeretlen,unknown,
f36e1999-9622-4d1b-a759-41eef989d466,Antarctopelta,Antarctopelta,dinosaur,Antarktika,Mezozoikum,Kréta,késő-kréta,99,94,1.32,null,4,null,null,null,1986,null,null,common,2026-06-30 05:45:11.276302+00,2026-06-30 05:45:11.276302+00,null,100,bonus,null,null,null,1.32,null,ismeretlen,unknown,
617e3513-9f1d-4b1d-bdbd-02f3d2b06277,Hypselosaurus,Hypselosaurus,dinosaur,Ázsia,Mezozoikum,Kréta,késő-kréta,71,65,3.96,null,12,null,null,null,null,null,null,common,2026-06-30 05:45:11.276302+00,2026-06-30 05:45:11.276302+00,null,100,bonus,null,null,null,3.96,null,ismeretlen,unknown,
71f0f8e7-3e94-4cad-9892-ca0075532e72,Lamaceratops,Lamaceratops,dinosaur,Ázsia,Mezozoikum,Kréta,késő-kréta,75,72,null,null,null,null,null,null,null,null,null,common,2026-06-30 05:45:11.276302+00,2026-06-30 05:45:11.276302+00,null,100,bonus,null,null,null,null,null,ismeretlen,unknown,
ee5b4c2c-6bfa-4bb8-9416-5bc848fc22a2,Platyceratops,Platyceratops,dinosaur,Ázsia,Mezozoikum,Kréta,késő-kréta,75,72,null,null,null,null,null,null,null,null,null,common,2026-06-30 05:45:11.276302+00,2026-06-30 05:45:11.276302+00,null,100,bonus,null,null,null,null,null,ismeretlen,unknown,
6d39f1f9-9fc9-4fb9-83b5-a950a059333c,Masiakasaurus,Masiakasaurus knopfleri,dinosaur,Afrika,Mezozoikum,Kréta,késő-kréta,84,70.0,0.68,0.76,1.8,2.0,null,20.0,1996,"Scott Sampson, Catherine Forster és munkatársaik, 1996–2001","Ennek a kistestű ragadozónak az alsó állcsontjának elülső fogai szokatlan módon előrefelé, csaknem vízszintesen állnak ki a szájból, amely egyedülálló a theropoda dinoszauruszok körében. A különös fogazat valószínűleg kis gerinces zsákmány, rovarok vagy halak megragadására szolgált, eltérő ökológiai fülkét biztosítva a nála nagyobb madagaszkári ragadozók, mint a Majungasaurus mellett. Faját 2001-ben írták le, és tudományos nevét Mark Knopfler, a Dire Straits brit zenész előtt tiszteleg, akinek dalait az ásatási csapat sokat hallgatta a terepmunka során.",common,2026-06-28 05:03:00.009612+00,2026-06-28 05:03:00.009612+00,"Saurischia (Theropoda, Noasauridae)",2,egyetem,3,0.76,0.76,0.68,"Saurischia (Theropodák, Noasauridák)",mindenevő,omnivore,knopfleri
f46cba05-5083-46b6-b78f-8478d6c985cf,Seismosaurus,Seismosaurus,dinosaur,Észak-Amerika,Mezozoikum,Jura,késő-jura,155,144,13.20,null,40,null,null,null,null,null,null,common,2026-06-30 05:45:11.276302+00,2026-06-30 05:45:11.276302+00,null,100,bonus,100,null,null,13.20,null,ismeretlen,unknown,
d4f717da-2f60-4450-8c6d-d767077d4828,Lapparentosaurus,Lapparentosaurus,dinosaur,Afrika,Mezozoikum,Jura,középső-jura,169,164,null,null,null,null,null,null,null,null,null,common,2026-06-30 05:45:11.276302+00,2026-06-30 05:45:11.276302+00,null,100,bonus,null,null,null,null,null,ismeretlen,unknown,
6320c929-8aa5-4eeb-a125-6af3a2fd26ac,Triceratops,Triceratops,dinosaur,Észak-Amerika,Mezozoikum,Kréta,késő-kréta,68,66,2.97,null,9,null,5500,null,1887,John Bell Hatcher (leírta Othniel Charles Marsh),"A Triceratops a kréta időszak végének ikonikus és hatalmas tülkös dinoszaurusza, a Tyrannosaurus rex egyik leghíresebb kortársa és ellenfele. Három jellegzetes szarvat viselt az arcán: kettőt a szemei felett, egy kisebbet pedig az orrán, amelyek mögött egy masszív, tömör csontból álló nyakfodor védte a nyakát. Akár 9 méteres hosszúságot és 6-12 tonnás tömeget is elérhetett, robusztus, négy lábon járó testét erős, elefántszerű végtagok hordozták. Papagájszerű csőrével és sűrű zápfogaival a fás, rágós növényeket is könnyedén felaprította, miközben szarvait aktívan használta önvédelemre és párválasztási harcokra.",common,2026-06-30 05:45:11.276302+00,2026-06-30 05:45:11.276302+00,null,4,bonus,5,null,null,2.97,null,ismeretlen,unknown,
29f537b2-ddf0-4223-a582-2b609c50b088,Eotyrannus,Eotyrannus,dinosaur,Európa,Mezozoikum,Kréta,kora-kréta,127,121,1.65,null,5,null,null,null,null,null,null,common,2026-06-30 05:45:11.276302+00,2026-06-30 05:45:11.276302+00,null,100,bonus,null,null,null,1.65,null,ismeretlen,unknown,
dad659ef-0bbd-4220-acd6-d1ea7bfd3bf0,Jobaria,Jobaria,dinosaur,Afrika,Mezozoikum,Kréta,kora-kréta,132,94,6.93,null,21,null,null,null,null,null,null,common,2026-06-30 05:45:11.276302+00,2026-06-30 05:45:11.276302+00,null,100,bonus,null,null,null,6.93,null,ismeretlen,unknown,
0455fdd4-77a0-4016-bc04-eb0739a3a3b7,Fukuiraptor,Fukuiraptor,dinosaur,Ázsia,Mezozoikum,Kréta,kora-kréta,121,99,1.39,null,4.2,null,null,null,null,null,null,common,2026-06-30 05:45:11.276302+00,2026-06-30 05:45:11.276302+00,null,100,bonus,null,null,null,1.39,null,ismeretlen,unknown,
2d9b20e1-8d62-4326-9db2-c28bc06762e1,Gastonia,Gastonia,dinosaur,Észak-Amerika,Mezozoikum,Kréta,kora-kréta,142,127,1.52,null,4.6,null,null,null,null,null,null,common,2026-06-30 05:45:11.276302+00,2026-06-30 05:45:11.276302+00,null,100,bonus,100,null,null,1.52,null,ismeretlen,unknown,
ca10932e-2cb4-44c3-8d50-426355e5a284,Rugops,Rugops,dinosaur,Afrika,Mezozoikum,Kréta,késő-kréta,95,95,2.31,null,7,null,null,null,null,null,null,common,2026-06-30 05:45:11.276302+00,2026-06-30 05:45:11.276302+00,null,100,bonus,null,null,null,2.31,null,ismeretlen,unknown,
226702bb-9ea7-4c1e-812b-dc4b4a2c9096,Shamosaurus,Shamosaurus,dinosaur,Ázsia,Mezozoikum,Kréta,kora-kréta,121,99,null,null,null,null,null,null,null,null,null,common,2026-06-30 05:45:11.276302+00,2026-06-30 05:45:11.276302+00,null,100,bonus,null,null,null,null,null,ismeretlen,unknown,
61088fb7-7f33-40ef-86f4-134de5947264,Haplocanthosaurus,Haplocanthosaurus,dinosaur,Észak-Amerika,Mezozoikum,Jura,késő-jura,154,142,7.10,null,21.5,null,null,null,null,null,null,common,2026-06-30 05:45:11.276302+00,2026-06-30 05:45:11.276302+00,null,100,bonus,100,null,null,7.10,null,ismeretlen,unknown,
411c6de4-61e9-487d-b75d-6d4b93672632,Podokesaurus,Podokesaurus,dinosaur,Észak-Amerika,Mezozoikum,Jura,kora-jura,195,180,0.30,null,0.9,null,null,null,null,null,null,common,2026-06-30 05:45:11.276302+00,2026-06-30 05:45:11.276302+00,null,100,bonus,100,null,null,0.30,null,ismeretlen,unknown,
510f1345-2d9e-4ac5-8ab3-82cff37e3da2,Avaceratops,Avaceratops,dinosaur,Észak-Amerika,Mezozoikum,Kréta,késő-kréta,80,75,0.76,null,2.3,null,null,null,null,null,null,common,2026-06-30 05:45:11.276302+00,2026-06-30 05:45:11.276302+00,null,100,bonus,100,null,null,0.76,null,ismeretlen,unknown,
7d0edc4a-40d4-4bc4-b03b-27155be9c1c5,Indosuchus,Indosuchus,dinosaur,Ázsia,Mezozoikum,Kréta,késő-kréta,71,65,2.31,null,7,null,null,null,null,null,null,common,2026-06-30 05:45:11.276302+00,2026-06-30 05:45:11.276302+00,null,100,bonus,null,null,null,2.31,null,ismeretlen,unknown,
6ce1ad5c-e1f3-4c37-b287-21402d93f5d7,Jaxartosaurus,Jaxartosaurus,dinosaur,Ázsia,Mezozoikum,Kréta,késő-kréta,94,84,2.97,null,9,null,null,null,null,null,null,common,2026-06-30 05:45:11.276302+00,2026-06-30 05:45:11.276302+00,null,100,bonus,null,null,null,2.97,null,ismeretlen,unknown,
194f8bc1-d0fb-4b9d-9ee9-94867b2f715e,Opisthocoelicaudia,Opisthocoelicaudia,dinosaur,Ázsia,Mezozoikum,Kréta,késő-kréta,72,68,3.96,null,12,null,null,null,null,null,null,common,2026-06-30 05:45:11.276302+00,2026-06-30 05:45:11.276302+00,null,100,bonus,null,null,null,3.96,null,ismeretlen,unknown,
d573cff1-1d6d-4a05-b42f-62c786772853,Juravenator,Juravenator,dinosaur,Európa,Mezozoikum,Jura,késő-jura,154,151,0.26,null,0.8,null,null,null,null,null,null,common,2026-06-30 05:45:11.276302+00,2026-06-30 05:45:11.276302+00,null,100,bonus,null,null,null,0.26,null,ismeretlen,unknown,
28da2aed-ea87-49e8-b075-c0ac57220338,Nqwebasaurus,Nqwebasaurus,dinosaur,Afrika,Mezozoikum,Jura,késő-jura,159,132,0.33,null,1,null,null,null,null,null,null,common,2026-06-30 05:45:11.276302+00,2026-06-30 05:45:11.276302+00,null,100,bonus,null,null,null,0.33,null,ismeretlen,unknown,
d07147ef-7f9e-4e57-a60d-ab652252d289,Dubreuillosaurus,Dubreuillosaurus,dinosaur,Európa,Mezozoikum,Jura,középső-jura,169,164,null,null,null,null,null,null,null,null,null,common,2026-06-30 05:45:11.276302+00,2026-06-30 05:45:11.276302+00,null,100,bonus,null,null,null,null,null,ismeretlen,unknown,
3d73c9f4-a08f-4d81-b48c-858e739e86b8,Gilmoreosaurus,Gilmoreosaurus,dinosaur,Ázsia,Mezozoikum,Kréta,késő-kréta,76,70,1.98,null,6,null,null,null,null,null,null,common,2026-06-30 05:45:11.276302+00,2026-06-30 05:45:11.276302+00,null,100,bonus,null,null,null,1.98,null,ismeretlen,unknown,
d32e86e7-7b41-4753-9521-8be2752bbd7f,Aralosaurus,Aralosaurus,dinosaur,Ázsia,Mezozoikum,Kréta,késő-kréta,94,84,2.64,null,8,null,null,null,null,null,null,common,2026-06-30 05:45:11.276302+00,2026-06-30 05:45:11.276302+00,null,100,bonus,null,null,null,2.64,null,ismeretlen,unknown,
2d028d97-0253-469f-93ee-ffe00317c1af,Barapasaurus,Barapasaurus,dinosaur,Ázsia,Mezozoikum,Jura,kora-jura,185,170,4.62,null,14,null,null,null,null,null,null,common,2026-06-30 05:45:11.276302+00,2026-06-30 05:45:11.276302+00,null,100,bonus,null,null,null,4.62,null,ismeretlen,unknown,
97e29ce1-18f8-49a2-af5b-04db1734e9b8,Archaeoceratops,Archaeoceratops,dinosaur,Ázsia,Mezozoikum,Kréta,kora-kréta,121,99,0.43,null,1.3,null,null,null,null,null,null,common,2026-06-30 05:45:11.276302+00,2026-06-30 05:45:11.276302+00,null,100,bonus,null,null,null,0.43,null,ismeretlen,unknown,
0f2d5dc1-e2b6-4ad0-aec3-f8902458156b,Datousaurus,Datousaurus,dinosaur,Ázsia,Mezozoikum,Jura,középső-jura,170,170,4.95,null,15,null,null,null,null,null,null,common,2026-06-30 05:45:11.276302+00,2026-06-30 05:45:11.276302+00,null,100,bonus,null,null,null,4.95,null,ismeretlen,unknown,
f194957c-0f5d-4f9f-9048-21450fd4757d,Dromaeosaurus,Dromaeosaurus,dinosaur,Észak-Amerika,Mezozoikum,Kréta,késő-kréta,76,74,0.59,null,1.8,null,15,null,null,null,null,common,2026-06-30 05:45:11.276302+00,2026-06-30 05:45:11.276302+00,null,100,bonus,100,null,null,0.59,null,ismeretlen,unknown,
839369cb-4b50-4dda-99bd-00191ab433b7,Edmontosaurus,Edmontosaurus,dinosaur,Észak-Amerika,Mezozoikum,Kréta,késő-kréta,76,65,4.29,null,13,null,3400,null,1917,Lawrence Lambe,"An Edmontosaurus egy hatalmas termetű, kacsacsőrű növényevő (hadrosaurida) dinoszaurusz volt, amely a kréta időszak legvégén élt Észak-Amerikában. Testhossza elérhette a 12-15 métert, tömege pedig a 4-5 tonnát, és képes volt mind két, mind négy lábon hatékonyan mozogni. Koponyája lapos, kacsaszerű csőrben végződött, amely mögött a szájüregben több száz rágófogból álló bonyolult fogtelep helyezkedett el a durva növényzet megőrlésére. Mivel több rendkívül jó állapotú, mumifikálódott, bőrlenyomatos lelete is előkerült, a kutatók kivételesen sokat tudnak a puha szöveteiről, sőt még a feje tetején lévő húsos taréjról is.",common,2026-06-30 05:45:11.276302+00,2026-06-30 05:45:11.276302+00,null,4,bonus,5,null,null,4.29,null,ismeretlen,unknown,
ab3134c4-c17f-484b-be57-1ce2c3f42c2b,Cedarpelta,Cedarpelta,dinosaur,Észak-Amerika,Mezozoikum,Kréta,kora-kréta,142,127,3.30,null,10,null,null,null,null,null,null,common,2026-06-30 05:45:11.276302+00,2026-06-30 05:45:11.276302+00,null,100,bonus,100,null,null,3.30,null,ismeretlen,unknown,
47c11c66-ba53-4a9d-b4ff-f9bd0e9e3618,Anatotitan,Anatotitan,dinosaur,Észak-Amerika,Mezozoikum,Kréta,késő-kréta,70,65,2.97,null,9,null,null,null,null,null,null,common,2026-06-30 05:45:11.276302+00,2026-06-30 05:45:11.276302+00,null,100,bonus,100,null,null,2.97,null,ismeretlen,unknown,
97440472-9f5f-48f5-8b33-b7b760ad68fa,Wuerhosaurus,Wuerhosaurus,dinosaur,Ázsia,Mezozoikum,Kréta,kora-kréta,137,99,2.31,2.64,7,8,null,null,null,null,null,common,2026-06-30 05:45:11.276302+00,2026-06-30 05:45:11.276302+00,null,100,bonus,null,2.64,2.64,2.31,null,ismeretlen,unknown,
c90c9977-02dc-46b4-ac09-fd7bc9530d27,Hesperosaurus,Hesperosaurus,dinosaur,Észak-Amerika,Mezozoikum,Jura,késő-jura,154,142,1.98,null,6,null,null,null,null,null,null,common,2026-06-30 05:45:11.276302+00,2026-06-30 05:45:11.276302+00,null,100,bonus,100,null,null,1.98,null,ismeretlen,unknown,
904be018-a923-4d95-acca-198d5dd7d116,Tsintaosaurus,Tsintaosaurus,dinosaur,Ázsia,Mezozoikum,Kréta,késő-kréta,84,71,3.96,5.94,12,18,null,null,null,null,null,common,2026-06-30 05:45:11.276302+00,2026-06-30 05:45:11.276302+00,null,100,bonus,null,5.94,5.94,3.96,null,ismeretlen,unknown,
72d4324e-46a4-4793-9011-c3a623874fbb,Dracorex,Dracorex,dinosaur,Észak-Amerika,Mezozoikum,Kréta,késő-kréta,66,66,1.32,null,4,null,null,null,null,null,null,common,2026-06-30 05:45:11.276302+00,2026-06-30 05:45:11.276302+00,null,100,bonus,100,null,null,1.32,null,ismeretlen,unknown,
04cf2dba-f9f9-4935-baf8-5e3387797eed,Chaoyangsaurus,Chaoyangsaurus,dinosaur,Ázsia,Mezozoikum,Jura,késő-jura,152,145,0.36,null,1.1,null,null,null,null,null,null,common,2026-06-30 05:45:11.276302+00,2026-06-30 05:45:11.276302+00,null,100,bonus,null,null,null,0.36,null,ismeretlen,unknown,
a0ca4233-bafa-423e-ac2a-462618a7a0b8,Duriatitan,Duriatitan,dinosaur,Európa,Mezozoikum,Jura,késő-jura,155,150,5.94,8.25,18,25,12000,24000,null,null,null,common,2026-06-30 05:45:11.276302+00,2026-06-30 05:45:11.276302+00,null,100,bonus,null,8.25,8.25,5.94,null,ismeretlen,unknown,
4c101f16-c4a2-4934-a10e-7d9b4bb27697,Harpymimus,Harpymimus,dinosaur,Ázsia,Mezozoikum,Kréta,kora-kréta,121,99,0.66,null,2,null,null,null,null,null,null,common,2026-06-30 05:45:11.276302+00,2026-06-30 05:45:11.276302+00,null,100,bonus,null,null,null,0.66,null,ismeretlen,unknown,
95d1793a-1343-4bf1-a65b-80a260c5a47b,Malawisaurus,Malawisaurus,dinosaur,Afrika,Mezozoikum,Kréta,kora-kréta,121,112,2.97,null,9,null,null,null,null,null,null,common,2026-06-30 05:45:11.276302+00,2026-06-30 05:45:11.276302+00,null,100,bonus,null,null,null,2.97,null,ismeretlen,unknown,
4c4ccc21-4025-4c73-99d8-45485055fc03,Yunnanosaurus,Yunnanosaurus,dinosaur,Ázsia,Mezozoikum,Triász,késő-triász,205,190,2.31,null,7,null,null,null,null,null,null,common,2026-06-30 05:45:11.276302+00,2026-06-30 05:45:11.276302+00,null,100,bonus,null,null,null,2.31,null,ismeretlen,unknown,
1bde1533-2e9b-4eee-b0db-1b575045ef55,Magyarosaurus,Magyarosaurus dacus,dinosaur,Kárpát-medence,Mezozoikum,Kréta,késő-kréta,71,70,1.75,2.0,5,6.0,null,1000.0,1895,Nopcsa Ilona,"Nopcsa Ilona fedezte fel az első csontokat 1895-ben a család szentpéterfalvi birtokának közelében, az akkori Magyar Királyság területén. Ez az erdélyi törpe titanoszaurusz a szigeti izoláció miatt maradt apró termetű, így a lóméretével messze elmaradt gigantikus dél-amerikai rokonaitól. Ez az egyik legnépszerűbb és tudományosan legfontosabb dinoszaurusz-nemzetség, amelynek neve közvetlenül a magyar nemzet előtt tiszteleg.",common,2026-06-28 04:57:47.338575+00,2026-06-28 04:57:47.338575+00,"Saurischia (Sauropoda, Titanosauria)",2,általános iskola,1,null,null,1.75,"Saurischia (Sauropodák, Titanoszauruszok)",növényevő,herbivore,dacus
d683e80f-bd52-4a9b-85c1-3bf1b81e5d18,Becklespinax,Becklespinax,dinosaur,Európa,Mezozoikum,Kréta,kora-kréta,142,132,1.65,null,5,null,null,null,null,null,null,common,2026-06-30 05:45:11.276302+00,2026-06-30 05:45:11.276302+00,null,100,bonus,null,null,null,1.65,null,ismeretlen,unknown,
ea9f5c8f-346f-4d86-9087-dcd49fa1cec0,Pelorosaurus,Pelorosaurus,dinosaur,Európa,Mezozoikum,Kréta,kora-kréta,125,125,8.25,null,25,null,null,null,null,null,null,common,2026-06-30 05:45:11.276302+00,2026-06-30 05:45:11.276302+00,null,100,bonus,null,null,null,8.25,null,ismeretlen,unknown,
99dae6e3-66b9-481a-8931-8a168498c86c,Minmi,Minmi,dinosaur,Ausztrália,Mezozoikum,Kréta,kora-kréta,121,112,0.99,null,3,null,null,null,null,null,null,common,2026-06-30 05:45:11.276302+00,2026-06-30 05:45:11.276302+00,null,100,bonus,null,null,null,0.99,null,ismeretlen,unknown,
9acad226-8644-4780-b175-a29e6903e862,Protarchaeopteryx,Protarchaeopteryx,dinosaur,Ázsia,Mezozoikum,Kréta,kora-kréta,122,120,0.66,null,2,null,null,null,null,null,null,common,2026-06-30 05:45:11.276302+00,2026-06-30 05:45:11.276302+00,null,100,bonus,null,null,null,0.66,null,ismeretlen,unknown,
04bbaa30-3df4-407c-8be7-b34763ccd6a6,Caudipteryx,Caudipteryx,dinosaur,Ázsia,Mezozoikum,Kréta,kora-kréta,125,122,0.33,null,1,null,2.5,null,null,null,null,common,2026-06-30 05:45:11.276302+00,2026-06-30 05:45:11.276302+00,null,100,bonus,null,null,null,0.33,null,ismeretlen,unknown,
987f15c0-76be-4ebc-8308-13704a8cfe0e,Wintonotitan,Wintonotitan,dinosaur,Ausztrália,Mezozoikum,Kréta,kora-kréta,112,99.599998,4.95,5.28,15,16,22000,null,null,null,null,common,2026-06-30 05:45:11.276302+00,2026-06-30 05:45:11.276302+00,null,100,bonus,null,5.28,5.28,4.95,null,ismeretlen,unknown,
61d717fd-c4f4-411e-a679-848141c293b5,Abydosaurus,Abydosaurus,dinosaur,Észak-Amerika,Mezozoikum,Kréta,kora-kréta,104,104,5.94,null,18,null,15000,null,2009,null,null,common,2026-06-30 05:45:11.276302+00,2026-06-30 05:45:11.276302+00,null,100,bonus,100,null,null,5.94,null,ismeretlen,unknown,
b2c41be0-11bf-4033-a443-562f516d6b85,Chinshakiangosaurus,Chinshakiangosaurus,dinosaur,Ázsia,Mezozoikum,Jura,késő-jura,159,142,3.63,4.29,11,13,null,null,null,null,null,common,2026-06-30 05:45:11.276302+00,2026-06-30 05:45:11.276302+00,null,100,bonus,null,4.29,4.29,3.63,null,ismeretlen,unknown,
2598bfad-1d08-4b19-bde9-aa5697bd8993,Riojasaurus,Riojasaurus,dinosaur,Dél-Amerika,Mezozoikum,Triász,késő-triász,221,210,1.70,null,5.15,null,null,null,null,null,null,common,2026-06-30 05:45:11.276302+00,2026-06-30 05:45:11.276302+00,null,100,bonus,null,null,null,1.70,null,ismeretlen,unknown,
f5388f24-e20d-478c-85c7-d8c181d287b2,Ankylosaurus,Ankylosaurus,dinosaur,Észak-Amerika,Mezozoikum,Kréta,késő-kréta,74,67,2.31,null,7,null,4000,7000,1906,Barnum Brown,"An Ankylosaurus a késő kréta időszak legendás, páncélozott növényevő dinoszaurusza, amely Észak-Amerika területén élt a dínók korának alkonyán. Egész testének felszínét masszív, csontos bőrgöbök és lemezek fedték, amelyek áthatolhatatlan pajzsot képeztek a Tyrannosaurusok harapásaival szemben. Legfélelmetesebb fegyvere a farka végén lévő hatalmas, merev csontbunkó volt, amellyel képes volt súlyos, akár csonttörő csapásokat mérni a támadókra. Ez a nehézkes, 6-8 méter hosszú állat alacsony növényzettel táplálkozott, és ha veszélybe került, valószínűleg laposan a földhöz lapult, hogy megvédje puha hasoldalát.",common,2026-06-30 05:45:11.276302+00,2026-06-30 05:45:11.276302+00,null,4,bonus,5,null,null,2.31,null,ismeretlen,unknown,
34df0d87-0d46-4996-8265-32b927ec38c3,Hypacrosaurus,Hypacrosaurus,dinosaur,Észak-Amerika,Mezozoikum,Kréta,késő-kréta,70,70,2.97,null,9,null,null,null,null,null,null,common,2026-06-30 05:45:11.276302+00,2026-06-30 05:45:11.276302+00,null,100,bonus,100,null,null,2.97,null,ismeretlen,unknown,
52d82510-217c-4494-b61a-63923871b92b,Brachyceratops,Brachyceratops,dinosaur,Észak-Amerika,Mezozoikum,Kréta,késő-kréta,81,74,0.66,null,2,null,null,null,1913,null,null,common,2026-06-30 05:45:11.276302+00,2026-06-30 05:45:11.276302+00,null,100,bonus,100,null,null,0.66,null,ismeretlen,unknown,
1cc5fbdc-42fd-49d8-b82e-99b3e9fffdb1,Nedoceratops,Nedoceratops,dinosaur,Észak-Amerika,Mezozoikum,Kréta,késő-kréta,67,65,2.31,null,7,null,null,null,1891,null,null,common,2026-06-30 05:45:11.276302+00,2026-06-30 05:45:11.276302+00,null,100,bonus,100,null,null,2.31,null,ismeretlen,unknown,
18a29334-92b2-4a1a-8449-e4a2be43b23e,Aegyptosaurus,Aegyptosaurus,dinosaur,Afrika,Mezozoikum,Kréta,késő-kréta,98,93,4.95,null,15,null,null,null,null,null,null,common,2026-06-30 05:45:11.276302+00,2026-06-30 05:45:11.276302+00,null,100,bonus,null,null,null,4.95,null,ismeretlen,unknown,
5cc9d8da-83f4-4f24-b68f-2dd6b8467b0e,Albertosaurus,Albertosaurus,dinosaur,Észak-Amerika,Mezozoikum,Kréta,késő-kréta,76,74,2.97,null,9,null,1500,null,1884,Joseph Burr Tyrrell,"Az Albertosaurus a Tyrannosauridae családba tartozó nagy testű, két lábon járó húsevő dinoszaurusz, amely a késő kréta időszakban élt Észak-Amerika északi részein, főként a mai Kanadában. Közeli rokona volt a Tyrannosaurus rexnek, ám annál kisebb, karcsúbb és könnyebb felépítésű volt, hossza 9 méter, súlya pedig 2 tonna körül alakult. Kisebb tömegéből adódóan valószínűleg sokkal gyorsabb és mozgékonyabb vadász volt, mint hatalmas rokona. Egy híres leletcsoport arra utal, hogy ezek a ragadozók falkákban, társas csoportokban élhettek és vadászhattak, ami rendkívül hatékonnyá tette őket.",common,2026-06-30 05:45:11.276302+00,2026-06-30 05:45:11.276302+00,null,5,bonus,5,null,null,2.97,null,ismeretlen,unknown,
3f7aee4f-81c2-4cc7-9863-016a3beb7382,Europasaurus,Europasaurus holgeri,dinosaur,Európa,Mezozoikum,Jura,késő-jura,154,154.0,2.17,2.17,6.2,6.2,null,800.0,2006,"Holger Lüdtke nyomán elnevezve, Oliver Hartung csapata","Egy jura időszaki hosszú nyakú sauropoda, amely az egykori szigetvilág elszigeteltsége miatt jóval kisebb termetűre nőtt, mint kontinentális rokonai. Ez a jelenség, az úgynevezett szigeti törpülés, jól megfigyelhető a csontjainak növekedési vonalain is. Felfedezése bizonyította, hogy a sauropodák, a dinoszauruszok legnagyobb testű csoportja, is képesek voltak drasztikusan lecsökkenni méretben kedvezőtlen környezeti körülmények között.",common,2026-06-28 05:04:05.68662+00,2026-06-28 05:04:05.68662+00,Saurischia (Sauropoda),3,középiskola,2,2.17,2.17,2.17,Saurischia (Sauropodák),növényevő,herbivore,holgeri
ff627127-0c54-4f03-8569-bd027c6a906a,Sinosauropteryx,Sinosauropteryx prima,dinosaur,Ázsia,Mezozoikum,Kréta,kora-kréta,124,122,0.33,0.40,1.0,1.2,null,null,1996,Li Yumin,"Kínából származó kisméretű theropoda, az első olyan nem madár jellegű dinoszaurusz, amelynél közvetlen bizonyítékot találtak a tollazatra.",rare,2026-06-30 04:46:58.828164+00,2026-06-30 04:46:58.828164+00,null,4,doktori,4,0.40,0.40,0.33,null,ismeretlen,unknown,prima
c39a07d6-eaf3-477d-a41a-a6e32658eb31,Archaeornithomimus,Archaeornithomimus,dinosaur,Ázsia,Mezozoikum,Kréta,késő-kréta,95,70,1.16,null,3.5,null,null,null,1923,null,null,common,2026-06-30 05:45:11.276302+00,2026-06-30 05:45:11.276302+00,null,100,bonus,null,null,null,1.16,null,ismeretlen,unknown,
c1f13e8b-6aa8-45c6-9639-f06e8c07e02e,Chialingosaurus,Chialingosaurus,dinosaur,Ázsia,Mezozoikum,Jura,késő-jura,159,142,1.32,null,4,null,null,null,null,null,null,common,2026-06-30 05:45:11.276302+00,2026-06-30 05:45:11.276302+00,null,100,bonus,null,null,null,1.32,null,ismeretlen,unknown,
5b236d02-ca35-4888-8d0d-2f1dd407506f,Deltadromeus,Deltadromeus,dinosaur,Afrika,Mezozoikum,Kréta,késő-kréta,99,94,2.67,null,8.1,null,null,null,null,null,null,common,2026-06-30 05:45:11.276302+00,2026-06-30 05:45:11.276302+00,null,100,bonus,null,null,null,2.67,null,ismeretlen,unknown,
47d2808e-450b-4981-8d68-e7f7d8b083f2,Scutellosaurus,Scutellosaurus,dinosaur,Észak-Amerika,Mezozoikum,Triász,késő-triász,205,202,0.40,null,1.2,null,null,null,null,null,null,common,2026-06-30 05:45:11.276302+00,2026-06-30 05:45:11.276302+00,null,100,bonus,100,null,null,0.40,null,ismeretlen,unknown,
c2e20ed0-2bd7-4e26-a7d5-a81e1e34944c,Ceratosaurus,Ceratosaurus,dinosaur,Észak-Amerika,Mezozoikum,Jura,késő-jura,153,148,1.98,null,6,null,970,null,null,null,null,common,2026-06-30 05:45:11.276302+00,2026-06-30 05:45:11.276302+00,null,100,bonus,100,null,null,1.98,null,ismeretlen,unknown,
8f401fc9-73f8-4dd8-98b7-753d172bb139,Patagosaurus,Patagosaurus,dinosaur,Dél-Amerika,Mezozoikum,Jura,középső-jura,164,159,5.94,null,18,null,null,null,null,null,null,common,2026-06-30 05:45:11.276302+00,2026-06-30 05:45:11.276302+00,null,100,bonus,null,null,null,5.94,null,ismeretlen,unknown,
cc54c3cd-a1f9-4406-9f6c-5ebe0b3a587d,Agilisaurus,Agilisaurus,dinosaur,Ázsia,Mezozoikum,Jura,középső-jura,169,159,0.50,null,1.5,null,null,null,null,null,null,common,2026-06-30 05:45:11.276302+00,2026-06-30 05:45:11.276302+00,null,100,bonus,null,null,null,0.50,null,ismeretlen,unknown,
2ff74825-cdaa-40c6-9ce1-2d1c07689219,Sinraptor,Sinraptor,dinosaur,Ázsia,Mezozoikum,Jura,középső-jura,169,142,2.51,null,7.6,null,null,null,null,null,null,common,2026-06-30 05:45:11.276302+00,2026-06-30 05:45:11.276302+00,null,100,bonus,null,null,null,2.51,null,ismeretlen,unknown,
fc1e778e-effd-4ae9-982c-22c3d4cbbf73,Pachycephalosaurus,Pachycephalosaurus,dinosaur,Észak-Amerika,Mezozoikum,Kréta,késő-kréta,76,65,2.64,null,8,null,3000,null,1940,William Winkley (leírta Brown és Schlaikjer),"A Pachycephalosaurus egy egyedülálló megjelenésű, két lábon járó növényevő dinoszaurusz volt, amely a késő kréta időszakban lakta Észak-Amerikát. Legfeltűnőbb jellemzője a koponyája tetején lévő, rendkívül megvastagodott, akár 25 centiméter vastagságot is elérő tömör csontos kupola, amelyet apró csonttüskék és csomók öveztek. A tudósok régóta vitatják e kupola funkcióját; a legelfogadottabb elmélet szerint a kosokhoz hasonlóan fej-fej melletti rivalizálásra vagy a ragadozók elleni védekezésre használták. Körülbelül 4,5 méter hosszú állat volt, amely bogyókkal, levelekkel és puha rostos növényekkel táplálkozott.",common,2026-06-30 05:45:11.276302+00,2026-06-30 05:45:11.276302+00,null,5,bonus,5,null,null,2.64,null,ismeretlen,unknown,
589dfc7a-4b32-42e7-9ed6-ebc05cb09b30,Poekilopleuron,Poekilopleuron,dinosaur,Európa,Mezozoikum,Jura,középső-jura,169,164,2.97,null,9,null,null,null,null,null,null,common,2026-06-30 05:45:11.276302+00,2026-06-30 05:45:11.276302+00,null,100,bonus,null,null,null,2.97,null,ismeretlen,unknown,
4536cd60-7b66-4671-829a-c4e0702eb6d4,Nodosaurus,Nodosaurus,dinosaur,Észak-Amerika,Mezozoikum,Kréta,kora-kréta,110,100,1.65,null,5,null,null,null,null,null,null,common,2026-06-30 05:45:11.276302+00,2026-06-30 05:45:11.276302+00,null,100,bonus,100,null,null,1.65,null,ismeretlen,unknown,
1a221129-6cfd-497a-b5d4-df3e9c03c83f,Majungasaurus,Majungasaurus crenatissimus,dinosaur,Afrika,Mezozoikum,Kréta,késő-kréta,70.0,66.0,2.28,2.66,6.0,7.0,1000.0,1500.0,1896,"Charles Depéret, 1896 (eredeti leírás); modern revízió: Scott Sampson és David Krause, 1996–2007","Ez a rövid, zömök koponyájú, durva csonttüskével a feje tetején díszített ragadozó volt Madagaszkár szigetének csúcspredátora a kréta időszak végén. Csontjain talált, saját fajtársaitól származó fogásnyomok alapján a Majungasaurus az egyik legjobban dokumentált kannibál dinoszaurusz, amely alkalmanként a saját fajtársait is megette, valószínűleg tetemfosztás vagy táplálékhiány miatt. Madagaszkár hosszú szigeti elszigeteltsége miatt közelebbi rokonságban állt a dél-amerikai abelisauridákkal, mint a kontinentális Afrika akkori theropodáival, ami a Gondwana egykori szétesésének fontos bizonyítéka.",common,2026-06-28 05:03:00.009612+00,2026-06-28 05:03:00.009612+00,"Saurischia (Theropoda, Abelisauridae)",2,egyetem,3,2.66,2.66,2.28,"Saurischia (Theropodák, Abelisauridák)",ragadozó,carnivore,crenatissimus
12a3de89-c4a2-462b-8878-c2c301d1682d,Afrovenator,Afrovenator,dinosaur,Afrika,Mezozoikum,Kréta,kora-kréta,132,121,2.97,null,9,null,null,null,null,null,null,common,2026-06-30 05:45:11.276302+00,2026-06-30 05:45:11.276302+00,null,100,bonus,null,null,null,2.97,null,ismeretlen,unknown,
9e0b58f2-9596-485f-bd95-93b55f6027f6,Mochlodon,Mochlodon vorosi,dinosaur,Kárpát-medence,Mezozoikum,Kréta,késő-kréta,85,85,null,0.70,null,2.0,null,null,2012,"Iharkúti kutatócsoport, 2012","Az iharkúti bauxitbánya üledékes rétegeiből számos izolált csont és fog került elő, amelyek erről a két lábon járó növényevőről tanúskodnak. Ez a dínó az európai kréta időszaki kontinentális és szigeti faunákra rendkívül jellemző Rhabdodontida csoport egyik jellegzetes magyarországi képviselője. A fajneve Vörös Attila akadémikus, paleontológus előtt tiszteleg a hazai kutatások támogatásáért.",common,2026-06-28 04:57:47.338575+00,2026-06-28 04:57:47.338575+00,"Ornithischia (Ornithopoda, Rhabdodontidae)",2,általános iskola,1,0.70,0.70,null,"Ornithischia (Madárlábúak, Rhabdodontidák)",növényevő,herbivore,vorosi
62fe28ba-9764-49e2-9837-34f2cddde391,Spinops,Spinops,dinosaur,Észak-Amerika,Mezozoikum,Kréta,késő-kréta,76,76,1.98,null,6,null,1000,2000,null,null,null,common,2026-06-30 05:45:11.276302+00,2026-06-30 05:45:11.276302+00,null,100,bonus,100,null,null,1.98,null,ismeretlen,unknown,
2bdc8f7a-f1f4-43a3-b74b-706117e53946,Zhuchengtyrannus,Zhuchengtyrannus,dinosaur,Ázsia,Mezozoikum,Kréta,késő-kréta,73.5,73.5,3.63,null,11,null,6000,null,null,null,null,common,2026-06-30 05:45:11.276302+00,2026-06-30 05:45:11.276302+00,null,100,bonus,null,null,null,3.63,null,ismeretlen,unknown,
fa831dfc-dc15-491f-9e91-971f081ab762,Saichania,Saichania,dinosaur,Ázsia,Mezozoikum,Kréta,késő-kréta,80,80,2.18,null,6.6,null,null,null,null,null,null,common,2026-06-30 05:45:11.276302+00,2026-06-30 05:45:11.276302+00,null,100,bonus,null,null,null,2.18,null,ismeretlen,unknown,
5871bd9a-6e78-4bfd-9ccc-400ff53e4fb2,Duriavenator,Duriavenator,dinosaur,Európa,Mezozoikum,Jura,középső-jura,170,170,1.98,2.31,6,7,null,null,null,null,null,common,2026-06-30 05:45:11.276302+00,2026-06-30 05:45:11.276302+00,null,100,bonus,null,2.31,2.31,1.98,null,ismeretlen,unknown,
c08bec13-7765-4962-8931-fdc19d49168d,Dryosaurus,Dryosaurus,dinosaur,Észak-Amerika,Mezozoikum,Jura,késő-jura,155,140,1.32,null,4,null,null,null,null,null,null,common,2026-06-30 05:45:11.276302+00,2026-06-30 05:45:11.276302+00,null,100,bonus,100,null,null,1.32,null,ismeretlen,unknown,
4dc37e6f-c9ac-4d50-a56d-3a204200bc55,Pachyrhinosaurus,Pachyrhinosaurus,dinosaur,Észak-Amerika,Mezozoikum,Kréta,késő-kréta,76,74,1.98,null,6,null,null,null,null,null,null,common,2026-06-30 05:45:11.276302+00,2026-06-30 05:45:11.276302+00,null,100,bonus,100,null,null,1.98,null,ismeretlen,unknown,
a8fb36d3-d43f-4a01-8254-0ccd58e883a4,Lophorhothon,Lophorhothon,dinosaur,Észak-Amerika,Mezozoikum,Kréta,késő-kréta,84,71,1.49,null,4.5,null,null,null,null,null,null,common,2026-06-30 05:45:11.276302+00,2026-06-30 05:45:11.276302+00,null,100,bonus,100,null,null,1.49,null,ismeretlen,unknown,
3ace36b3-b5f7-4515-a173-75ea4bbb4628,Sciurumimus,Sciurumimus,dinosaur,Európa,Mezozoikum,Jura,késő-jura,156,151,null,null,null,null,null,null,null,null,null,common,2026-06-30 05:45:11.276302+00,2026-06-30 05:45:11.276302+00,null,100,bonus,null,null,null,null,null,ismeretlen,unknown,
dc392c10-1b2c-46dd-ab95-2bc8ee780651,Mamenchisaurus,Mamenchisaurus,dinosaur,Ázsia,Mezozoikum,Jura,késő-jura,155,145,7.26,null,22,null,null,null,null,null,null,common,2026-06-30 05:45:11.276302+00,2026-06-30 05:45:11.276302+00,null,100,bonus,null,null,null,7.26,null,ismeretlen,unknown,
8a407e69-4a4b-4c9e-8adb-7bdfc9a3e150,Ligabuesaurus,Ligabuesaurus,dinosaur,Dél-Amerika,Mezozoikum,Kréta,kora-kréta,121,99,7.92,null,24,null,null,null,1998,José Bonaparte,"A Ligabuesaurus egy kora kréta időszakban élt, nagyméretű titanoszaurusz szauropoda növényevő, amelynek maradványait Argentínában találták meg. Testhosszát a kutatók körülbelül 20-24 méterre becsülik, és különleges anatómiája átmenetet mutat a bazális szauropodák és a fejlett titanoszauruszok között. Mellső végtagjai a többi szauropodához képest viszonylag hosszúak voltak, ami a Brachiosauridákhoz hasonló, kissé megemelt vállövet és testtartást eredményezett. Ez a felépítés lehetővé tette számára, hogy hatékonyan érje el a magasabban fekvő növényi részeket a korabeli ártéri erdőkben.",common,2026-06-30 05:45:11.276302+00,2026-06-30 05:45:11.276302+00,null,9,bonus,5,null,null,7.92,null,ismeretlen,unknown,
3d513f88-4775-425b-ab21-3aa10870473d,Diamantinasaurus,Diamantinasaurus matildae,dinosaur,Ázsia,Mezozoikum,Kréta,késő-kréta,98,95,4.95,5.28,15.0,16.0,22000,null,2009,Scott Hocknull,"Queenslandben talált szauropoda, amely közeli rokonságban állhatott dél-amerikai titanoszauruszokkal.",rare,2026-06-30 04:46:58.828164+00,2026-06-30 04:46:58.828164+00,null,3,doktori,4,5.28,5.28,4.95,null,ismeretlen,unknown,matildae
f84a1c05-6784-41c7-bd83-bd3b48ca06dc,Anserimimus,Anserimimus,dinosaur,Ázsia,Mezozoikum,Kréta,késő-kréta,84,65,1.16,null,3.5,null,null,null,null,null,null,common,2026-06-30 05:45:11.276302+00,2026-06-30 05:45:11.276302+00,null,100,bonus,null,null,null,1.16,null,ismeretlen,unknown,
f526f703-0b6c-435e-ada0-c826f51b8ac5,Thescelosaurus,Thescelosaurus,dinosaur,Észak-Amerika,Mezozoikum,Kréta,késő-kréta,76,66,1.16,null,3.5,null,null,null,null,null,null,common,2026-06-30 05:45:11.276302+00,2026-06-30 05:45:11.276302+00,null,100,bonus,100,null,null,1.16,null,ismeretlen,unknown,
70f819d2-80e0-46da-8575-57f95111bab4,Torosaurus,Torosaurus,dinosaur,Észak-Amerika,Mezozoikum,Kréta,késő-kréta,70,65,2.48,null,7.5,null,null,null,null,null,null,common,2026-06-30 05:45:11.276302+00,2026-06-30 05:45:11.276302+00,null,100,bonus,100,null,null,2.48,null,ismeretlen,unknown,
7aafe35a-a401-4a3b-a62e-4f99a6fa7586,Tenontosaurus,Tenontosaurus,dinosaur,Észak-Amerika,Mezozoikum,Kréta,kora-kréta,120,110,2.31,null,7,null,900,null,null,null,null,common,2026-06-30 05:45:11.276302+00,2026-06-30 05:45:11.276302+00,null,100,bonus,100,null,null,2.31,null,ismeretlen,unknown,
2e017e61-a2ec-4705-b5b8-62ecc77ff81f,Zephyrosaurus,Zephyrosaurus,dinosaur,Észak-Amerika,Mezozoikum,Kréta,kora-kréta,120,110,0.59,null,1.8,null,null,null,null,null,null,common,2026-06-30 05:45:11.276302+00,2026-06-30 05:45:11.276302+00,null,100,bonus,100,null,null,0.59,null,ismeretlen,unknown,
e07031cc-27da-4fa0-9755-1db5701e8543,Pantydraco,Pantydraco,dinosaur,Európa,Mezozoikum,null,null,209,201,0.99,null,3,null,null,null,null,null,null,common,2026-06-30 05:45:11.276302+00,2026-06-30 05:45:11.276302+00,null,100,bonus,null,null,null,0.99,null,ismeretlen,unknown,
aa77a8d3-9d2b-4f5f-b4ff-47cd863f33c6,Austrosaurus,Austrosaurus,dinosaur,Ausztrália,Mezozoikum,Kréta,kora-kréta,112,99,4.95,null,15,null,null,null,null,null,null,common,2026-06-30 05:45:11.276302+00,2026-06-30 05:45:11.276302+00,null,100,bonus,null,null,null,4.95,null,ismeretlen,unknown,
5faf7c1e-a005-4451-b6b5-b5474f253e3c,Yandusaurus,Yandusaurus,dinosaur,Ázsia,Mezozoikum,Jura,középső-jura,169,159,0.99,null,3,null,null,null,null,null,null,common,2026-06-30 05:45:11.276302+00,2026-06-30 05:45:11.276302+00,null,100,bonus,null,null,null,0.99,null,ismeretlen,unknown,
b4151322-594c-4575-bbae-21fcb1a9be69,Ajkaceratops,Ajkaceratops kozmai,dinosaur,Kárpát-medence,Mezozoikum,Kréta,késő-kréta,85,85,null,0.45,null,1.5,null,null,2009,Ősi Attila és munkatársai,"Az iharkúti lelőhelyről előkerült különleges csőrrész és állkapocstöredékek alapján írták le a fajt 2010-ben. Ez a kisméretű, galléros növényevő állat egy jellegzetes papagájcsőrszerű szájjal rendelkezett, amellyel a keményebb növényi részeket is képes volt megőrölni. Felfedezése nemzetközi szinten is hatalmas szenzációnak számított, mivel ez volt az első bizonyított ceratopsia dinoszaurusz Európa területén.",common,2026-06-28 04:57:47.338575+00,2026-06-28 04:57:47.338575+00,Ornithischia (Ceratopsia),2,általános iskola,1,0.45,0.45,null,Ornithischia (Tülkös dinoszauruszok),növényevő,herbivore,kozmai
f4e0a787-7060-47bc-b8be-f26cd5a88a16,Neuquenosaurus,Neuquenosaurus,dinosaur,Dél-Amerika,Mezozoikum,Kréta,késő-kréta,71,65,3.30,4.95,10,15,null,null,1893,Santiago Roth (leírta Richard Lydekker),"A Neuquenosaurus egy kisméretű, erősen specializálódott titanoszaurusz szauropoda növényevő, amely a késő kréta időszakban élt a mai Argentína területén. Testhossza mindössze a 10-15 métert érte el, ami kifejezetten aprónak számít a szauropodák óriásokkal teli világában. Hátát és oldalát csontos lemezek és göbök (osteodermák) védték a ragadozók ellen, hasonlóan a Saltasaurushoz, amellyel közeli rokonságban állt. Alacsonyabb termete és robusztus testfelépítése miatt kiválóan alkalmazkodott a talajszinthez közelebbi szívósabb növényzet legeléséhez.",common,2026-06-30 05:45:11.276302+00,2026-06-30 05:45:11.276302+00,null,9,bonus,5,4.95,4.95,3.30,null,ismeretlen,unknown,
6692fe13-5aec-4212-b5b0-401368c2c4f8,Xenoposeidon,Xenoposeidon,dinosaur,Európa,Mezozoikum,Kréta,kora-kréta,140,140,null,null,null,null,null,null,null,null,null,common,2026-06-30 05:45:11.276302+00,2026-06-30 05:45:11.276302+00,null,100,bonus,null,null,null,null,null,ismeretlen,unknown,
e27b37bb-a83b-4ac3-896f-9f637873c0ec,Shanag,Shanag,dinosaur,Ázsia,Mezozoikum,Kréta,kora-kréta,142,126,0.15,null,0.45,null,null,null,null,null,null,common,2026-06-30 05:45:11.276302+00,2026-06-30 05:45:11.276302+00,null,100,bonus,null,null,null,0.15,null,ismeretlen,unknown,
71942677-b7d6-4833-9286-23e512866af4,Noasaurus,Noasaurus,dinosaur,Dél-Amerika,Mezozoikum,Kréta,késő-kréta,84,65,0.33,0.99,1,3,null,null,1980,Jaime Powell és José Bonaparte,"A Noasaurus egy kistermetű, különleges theropoda dinoszaurusz, amely a késő kréta időszakban élt Dél-Amerika északi részén. Testhossza nagyjából 1-2 méter lehetett, és kezdetben azt hitték, hogy a lábain hordott sarló alakú karmot, mint a dromaeosauridák. Későbbi vizsgálatok kimutatták, hogy ez a nagyméretű, görbe karom valójában a mellső végtagjain, a mancsain helyezkedett el, és a zsákmány megragadására szolgált. Gyors és mozgékony vadászként feltehetően kisebb gyíkokkal, emlősökkel és rovarokkal táplálkozott a kréta időszaki aljnövényzetben.",common,2026-06-30 05:45:11.276302+00,2026-06-30 05:45:11.276302+00,null,9,bonus,5,0.99,0.99,0.33,null,ismeretlen,unknown,
f6f2ac51-a32e-4872-a77d-f4033d3a6b9e,Mantellisaurus,Mantellisaurus atherfieldensis,dinosaur,Európa,Mezozoikum,Kréta,kora-kréta,125.0,125.0,null,2.45,null,7.0,null,1000.0,1914,leírta Reginald Hooley,"Az Iguanodon közeli, ám annál jóval karcsúbb és könnyedebb felépítésű rokona, amely szintén a kora kréta időszakban élt Angliában. Eredetileg az Iguanodon egyik fajaként, 'Iguanodon atherfieldensis' néven írták le, és csak 2007-ben sorolták át egy önálló nembe a csontváz alaposabb vizsgálata után. Karcsúbb testfelépítése arra utal, hogy gyorsabban és könnyedebben mozoghatott, mint robusztusabb rokona.",common,2026-06-28 05:04:05.68662+00,2026-06-28 05:04:05.68662+00,"Ornithischia (Ornithopoda, Iguanodontidae)",2,középiskola,2,2.45,2.45,null,"Ornithischia (Madárlábúak, Iguanodontidák)",növényevő,herbivore,atherfieldensis
be0ece60-5c62-4a16-a1d2-69de0e42ebda,Atlascopcosaurus,Atlascopcosaurus,dinosaur,Ausztrália,Mezozoikum,Kréta,kora-kréta,121,97,0.99,null,3,null,null,null,null,null,null,common,2026-06-30 05:45:11.276302+00,2026-06-30 05:45:11.276302+00,null,100,bonus,null,null,null,0.99,null,ismeretlen,unknown,
762b4b30-c3f0-4bd8-82bb-23587ba86fbc,Yinlong,Yinlong,dinosaur,Ázsia,Mezozoikum,Jura,késő-jura,159,154,0.40,null,1.2,null,null,null,null,null,null,common,2026-06-30 05:45:11.276302+00,2026-06-30 05:45:11.276302+00,null,100,bonus,null,null,null,0.40,null,ismeretlen,unknown,
2e008c78-c6ef-4bb8-9491-8aaf7e9198f1,Acrocanthosaurus,Acrocanthosaurus,dinosaur,Észak-Amerika,Mezozoikum,Kréta,kora-kréta,115,105,3.96,null,12,null,null,null,null,null,null,common,2026-06-30 05:45:11.276302+00,2026-06-30 05:45:11.276302+00,null,100,bonus,100,null,null,3.96,null,ismeretlen,unknown,
9ab9d3b4-cd16-49cd-9107-d72826b226ef,Supersaurus,Supersaurus,dinosaur,Észak-Amerika,Mezozoikum,Jura,késő-jura,154,142,11.55,14.85,35,45,null,null,null,null,null,common,2026-06-30 05:45:11.276302+00,2026-06-30 05:45:11.276302+00,null,100,bonus,100,14.85,14.85,11.55,null,ismeretlen,unknown,
169af7a2-e9bd-4d0b-86e6-5d634aaa7b5a,Saurophaganax,Saurophaganax,dinosaur,Észak-Amerika,Mezozoikum,Jura,késő-jura,154,142,3.96,null,12,null,null,null,null,null,null,common,2026-06-30 05:45:11.276302+00,2026-06-30 05:45:11.276302+00,null,100,bonus,100,null,null,3.96,null,ismeretlen,unknown,
cb8ed82a-18c8-41c5-bf5f-23b2032da560,Apatosaurus,Apatosaurus,dinosaur,Észak-Amerika,Mezozoikum,Jura,késő-jura,154,145,6.93,null,21,null,null,null,1877,Arthur Lakes (leírta Othniel Charles Marsh),"Az Apatosaurus (amelyet a nagyközönség hosszú időn át Brontosaurus néven is ismert) egy hatalmas, négy lábon járó növényevő szauropoda a késő jura időszakból, Észak-Amerikából. Átlagos hossza elérte a 21-23 métert, tömege pedig a 16-22 tonnát, miközben testét masszív, oszlopszerű lábak tartották. Rendkívül hosszú nyaka végén apró koponya ült kréta-szerű fogakkal, amelyekkel a leveleket tépte le a fákról, míg hosszú, ostorszerű farkát védekezésre használta a ragadozókkal szemben. Hatalmas emésztőrendszere lehetővé tette, hogy a naponta elfogyasztott hatalmas mennyiségű rostos növényi anyagot hatékonyan feldolgozza.",common,2026-06-30 05:45:11.276302+00,2026-06-30 05:45:11.276302+00,null,5,bonus,5,null,null,6.93,null,ismeretlen,unknown,
c29871b3-2a97-4d3f-9364-56de5c4f12c6,Lourinhanosaurus,Lourinhanosaurus antunesi,dinosaur,Európa,Mezozoikum,Jura,késő-jura,150.0,150.0,null,1.90,null,5.0,null,700.0,1998,leírta Octávio Mateus,"Egy nagytestű késő jura időszaki ragadozó Portugáliából, amelynek a kutatók egy megkövesedett fészkét és tojásait is sikerült feltárniuk. Ez a lelet az egyik legritkább közvetlen bizonyítékot adja a jura időszaki európai dinoszauruszok szaporodási szokásairól. A tojások belsejében embriók maradványait is megtalálták, amelyek segítettek megérteni a faj fejlődésének korai szakaszát.",common,2026-06-28 05:04:05.68662+00,2026-06-28 05:04:05.68662+00,"Saurischia (Theropoda, Allosauroidea)",2,középiskola,2,1.90,1.90,null,"Saurischia (Theropodák, Alloszaurusz-alkatúak)",ragadozó,carnivore,antunesi
1580b989-2e57-40dd-afdb-ab77cabf8d1b,Jingshanosaurus,Jingshanosaurus,dinosaur,Ázsia,Mezozoikum,Triász,késő-triász,205,190,1.65,null,5,null,null,null,null,null,null,common,2026-06-30 05:45:11.276302+00,2026-06-30 05:45:11.276302+00,null,100,bonus,null,null,null,1.65,null,ismeretlen,unknown,
d41bdc02-0a06-462c-b034-38a8ecfd261d,Dilong,Dilong,dinosaur,Ázsia,Mezozoikum,Kréta,kora-kréta,125,125,0.66,null,2,null,null,null,null,null,null,common,2026-06-30 05:45:11.276302+00,2026-06-30 05:45:11.276302+00,null,100,bonus,null,null,null,0.66,null,ismeretlen,unknown,
51f7d3ed-e097-4645-b60e-46b318b23cfa,Yutyrannus,Yutyrannus,dinosaur,Ázsia,Mezozoikum,Kréta,kora-kréta,125,125,2.97,null,9,null,1414,null,null,null,null,common,2026-06-30 05:45:11.276302+00,2026-06-30 05:45:11.276302+00,null,100,bonus,null,null,null,2.97,null,ismeretlen,unknown,
292bd397-9f13-4d4b-bfec-e91eee7f0630,Procompsognathus,Procompsognathus,dinosaur,Európa,Mezozoikum,Triász,késő-triász,221,210,0.33,null,1,null,null,null,null,null,null,common,2026-06-30 05:45:11.276302+00,2026-06-30 05:45:11.276302+00,null,100,bonus,null,null,null,0.33,null,ismeretlen,unknown,
197c6f1b-0dfa-4309-8fce-7bfdf1049073,Shuvuuia,Shuvuuia,dinosaur,Ázsia,Mezozoikum,Kréta,késő-kréta,81,75,0.20,null,0.6,null,null,null,null,null,null,common,2026-06-30 05:45:11.276302+00,2026-06-30 05:45:11.276302+00,null,100,bonus,null,null,null,0.20,null,ismeretlen,unknown,
0e8e1a01-26f9-47e3-b373-cebce942561a,Shantungosaurus,Shantungosaurus,dinosaur,Ázsia,Mezozoikum,Kréta,késő-kréta,78,74,4.95,null,15,null,null,null,null,null,null,common,2026-06-30 05:45:11.276302+00,2026-06-30 05:45:11.276302+00,null,100,bonus,null,null,null,4.95,null,ismeretlen,unknown,
7d9af714-4007-4061-8eb8-2f10c50bdfc7,Hypselospinus,Hypselospinus,dinosaur,Európa,Mezozoikum,Kréta,kora-kréta,141,137,1.98,null,6,null,400,1000,null,null,null,common,2026-06-30 05:45:11.276302+00,2026-06-30 05:45:11.276302+00,null,100,bonus,null,null,null,1.98,null,ismeretlen,unknown,
e731abcf-3bc7-46c9-a212-591936fabd78,Probactrosaurus,Probactrosaurus,dinosaur,Ázsia,Mezozoikum,Kréta,kora-kréta,121,99,1.98,null,6,null,null,null,null,null,null,common,2026-06-30 05:45:11.276302+00,2026-06-30 05:45:11.276302+00,null,100,bonus,null,null,null,1.98,null,ismeretlen,unknown,
e447addd-8ecd-4fc0-ab5c-d28e9dbd57de,Brachiosaurus,Brachiosaurus,dinosaur,Észak-Amerika,Mezozoikum,Jura,késő-jura,155,140,9.90,null,30,null,null,null,1900,Elmer S. Riggs,"A Brachiosaurus az egyik legismertebb jura időszaki óriás növényevő szauropoda, amely Észak-Amerika dús vegetációjú vidékeit lakta. Más szauropodákkal ellentétben a mellső lábai lényegesen hosszabbak voltak, mint a hátsók, ami a mai zsiráfokhoz hasonló, felfelé meredő testtartást kölcsönzött neki. Ennek és gigantikus, 12-16 méteres magasságának köszönhetően könnyedén lelegelte a legmagasabb fák koronáját is, ahová más dínók nem értek el. Testhossza elérte a 22 métert, tömege a 30-40 tonnát, és puszta mérete miatt felnőtt korára sebezhetetlenné vált a ragadozókkal szemben.",common,2026-06-30 05:45:11.276302+00,2026-06-30 05:45:11.276302+00,null,5,bonus,5,null,null,9.90,null,ismeretlen,unknown,
31376704-7258-4956-983d-836b36e7f0c3,Pelecanimimus,Pelecanimimus polyodon,dinosaur,Európa,Mezozoikum,Kréta,kora-kréta,126.0,126.0,null,0.95,null,2.5,null,30.0,1993,Bernardino Pérez-Moreno csapata,"Egy korai, primitív 'struccdinó', amelynek állkapcsában a kutatók több mint 200 apró fogat számoltak meg, szemben a későbbi ornithomimosaurusok teljesen fogatlan csőrével. A csontváz mellett egy bőrlebeny lenyomatát is megtalálták a torka környékén, amely egy pelikánszerű, táguló bőrtasakra utalhatott, innen ered a neve is. A híres spanyolországi Las Hoyas lelőhely egyik legkülönlegesebb fosszíliája.",common,2026-06-28 05:04:05.68662+00,2026-06-28 05:04:05.68662+00,"Saurischia (Theropoda, Ornithomimosauria)",3,középiskola,2,0.95,0.95,null,"Saurischia (Theropodák, Struccszerű dinoszauruszok)",mindenevő,omnivore,polyodon
a8230058-1b6b-42c0-b7ea-ad88d60c118c,Brontomerus,Brontomerus,dinosaur,Észak-Amerika,Mezozoikum,Kréta,kora-kréta,110,110,4.62,null,14,null,6000,null,null,null,null,common,2026-06-30 05:45:11.276302+00,2026-06-30 05:45:11.276302+00,null,100,bonus,100,null,null,4.62,null,ismeretlen,unknown,
a9b0271c-7477-4f91-88d1-16da414a1ce9,Saurornithoides,Saurornithoides,dinosaur,Ázsia,Mezozoikum,Kréta,késő-kréta,85,80,0.99,null,3,null,null,null,null,null,null,common,2026-06-30 05:45:11.276302+00,2026-06-30 05:45:11.276302+00,null,100,bonus,null,null,null,0.99,null,ismeretlen,unknown,
6c0c83a2-b553-47b1-82c2-4f5a3f3e9c31,Ampelosaurus,Ampelosaurus,dinosaur,Európa,Mezozoikum,Kréta,késő-kréta,71,65,4.95,null,15,null,null,null,null,null,null,common,2026-06-30 05:45:11.276302+00,2026-06-30 05:45:11.276302+00,null,100,bonus,null,null,null,4.95,null,ismeretlen,unknown,
7bd51850-66d4-4fb2-b573-d107c8ed247d,Barosaurus,Barosaurus,dinosaur,Észak-Amerika,Mezozoikum,Jura,késő-jura,155,145,7.92,null,24,null,null,null,null,null,null,common,2026-06-30 05:45:11.276302+00,2026-06-30 05:45:11.276302+00,null,100,bonus,100,null,null,7.92,null,ismeretlen,unknown,
43380f6a-fb06-4549-97da-862ba7836793,Camptosaurus,Camptosaurus,dinosaur,Észak-Amerika,Mezozoikum,Jura,késő-jura,155,145,1.65,null,5,null,1000,null,null,null,null,common,2026-06-30 05:45:11.276302+00,2026-06-30 05:45:11.276302+00,null,100,bonus,100,null,null,1.65,null,ismeretlen,unknown,
fc9f06b1-1e86-4586-8f5c-3b670ebe73f8,Coelurus,Coelurus,dinosaur,Észak-Amerika,Mezozoikum,Jura,késő-jura,155,145,0.59,null,1.8,null,null,null,null,null,null,common,2026-06-30 05:45:11.276302+00,2026-06-30 05:45:11.276302+00,null,100,bonus,100,null,null,0.59,null,ismeretlen,unknown,
83a55e1d-806b-42ab-8b35-da0a54e66daf,Chasmosaurus,Chasmosaurus,dinosaur,Észak-Amerika,Mezozoikum,Kréta,késő-kréta,76,74,1.65,null,5,null,2500,null,null,null,null,common,2026-06-30 05:45:11.276302+00,2026-06-30 05:45:11.276302+00,null,100,bonus,100,null,null,1.65,null,ismeretlen,unknown,
83638149-d6eb-4cf4-845b-58b4c9639830,Marshosaurus,Marshosaurus,dinosaur,Észak-Amerika,Mezozoikum,Jura,késő-jura,154,142,1.98,null,6,null,null,null,null,null,null,common,2026-06-30 05:45:11.276302+00,2026-06-30 05:45:11.276302+00,null,100,bonus,100,null,null,1.98,null,ismeretlen,unknown,
a2948665-050b-43cb-b0ac-32532a154fca,Dacentrurus,Dacentrurus,dinosaur,Európa,Mezozoikum,Jura,késő-jura,154,150,1.98,null,6,null,null,null,null,null,null,common,2026-06-30 05:45:11.276302+00,2026-06-30 05:45:11.276302+00,null,100,bonus,null,null,null,1.98,null,ismeretlen,unknown,
67a5833a-3aab-4910-82e7-89f300ebc774,Yangchuanosaurus,Yangchuanosaurus,dinosaur,Ázsia,Mezozoikum,Jura,késő-jura,160,144,3.30,null,10,null,null,null,null,null,null,common,2026-06-30 05:45:11.276302+00,2026-06-30 05:45:11.276302+00,null,100,bonus,null,null,null,3.30,null,ismeretlen,unknown,
e14d1ccd-8df5-4e68-af3f-280dd8b8b1d2,Omeisaurus,Omeisaurus,dinosaur,Ázsia,Mezozoikum,Jura,középső-jura,169,159,6.60,null,20,null,null,null,null,null,null,common,2026-06-30 05:45:11.276302+00,2026-06-30 05:45:11.276302+00,null,100,bonus,null,null,null,6.60,null,ismeretlen,unknown,
79f77dcc-7fb5-4690-8e64-931ab6a217a7,Azendohsaurus,Azendohsaurus,dinosaur,Afrika,Mezozoikum,Triász,késő-triász,227,221,0.59,null,1.8,null,null,null,null,null,null,common,2026-06-30 05:45:11.276302+00,2026-06-30 05:45:11.276302+00,null,100,bonus,null,null,null,0.59,null,ismeretlen,unknown,
9a537790-b54f-472e-9a97-3ba610dfc7ac,Concavenator,Concavenator corcovatus,dinosaur,Európa,Mezozoikum,Kréta,kora-kréta,130.0,130.0,null,2.28,null,6.0,null,700.0,2010,Francisco Ortega csapata,"Ezt a különleges ragadozót a háta közepén végighúzódó, magas csigolyákból kialakult jellegzetes púp különbözteti meg minden más theropodától. Az alkarján talált apró, dudorszerű kiemelkedések egyesek szerint tollszerű képződmények rögzítési pontjai lehettek, ami felvetette a tollasodás kérdését olyan dinoszauruszoknál is, amelyek nem álltak közel a madarakhoz. A híres Las Hoyas lelőhelyről, Spanyolország egyik leggazdagabb kréta kori fosszíliatárából került elő.",common,2026-06-28 05:04:05.68662+00,2026-06-28 05:04:05.68662+00,"Saurischia (Theropoda, Carcharodontosauria)",3,középiskola,2,2.28,2.28,null,"Saurischia (Theropodák, Carcharodontoszauruszok)",ragadozó,carnivore,corcovatus
2c43d19b-98bd-45c1-ad89-16a04b8ff977,Nagatitan,Nagatitan,dinosaur,Ázsia,Mezozoikum,Kréta,kora-kréta,130,125,4.95,5.94,15.0,18.0,null,null,2024,Thai-French Paleontological Team,"Thaiföldről származó szauropoda, amely jelenleg Délkelet-Ázsia legnagyobb ismert dinoszaurusza. Thaiföld legjelentősebb szauropodája, amelynek felfedezése a térség titanoszaurusz-féléinek nagy változatosságára utal.",rare,2026-06-30 04:46:58.828164+00,2026-06-30 04:46:58.828164+00,null,4,doktori,4,5.94,5.94,4.95,null,ismeretlen,unknown,
edf963f9-0544-40d9-8e73-e1f18ed66db2,Abelisaurus,Abelisaurus,dinosaur,Dél-Amerika,Mezozoikum,Kréta,késő-kréta,74,70,2.97,null,9,null,null,null,null,null,null,common,2026-06-30 05:45:11.276302+00,2026-06-30 05:45:11.276302+00,null,100,bonus,null,null,null,2.97,null,ismeretlen,unknown,
e03edb87-d957-4ddf-987a-ae65b3568fd9,Achelousaurus,Achelousaurus,dinosaur,Észak-Amerika,Mezozoikum,Kréta,késő-kréta,83,70,1.98,null,6,null,null,null,null,null,null,common,2026-06-30 05:45:11.276302+00,2026-06-30 05:45:11.276302+00,null,100,bonus,null,null,null,1.98,null,ismeretlen,unknown,
cbad306b-5990-41d4-a7fd-e55a06e4a725,Alamosaurus,Alamosaurus,dinosaur,Észak-Amerika,Mezozoikum,Kréta,késő-kréta,70,65,6.93,null,21,null,null,null,null,null,null,common,2026-06-30 05:45:11.276302+00,2026-06-30 05:45:11.276302+00,null,100,bonus,null,null,null,6.93,null,ismeretlen,unknown,
a522872f-767c-405a-9552-d70948eea61f,Jinzhousaurus,Jinzhousaurus,dinosaur,Ázsia,Mezozoikum,Kréta,kora-kréta,127,121,null,null,null,null,null,null,null,null,null,common,2026-06-30 05:45:11.276302+00,2026-06-30 05:45:11.276302+00,null,100,bonus,null,null,null,null,null,ismeretlen,unknown,
f5a5ef18-ebcf-4dbb-90e3-218d1701d6a2,Carnotaurus,Carnotaurus,dinosaur,Dél-Amerika,Mezozoikum,Kréta,késő-kréta,70,70,2.51,null,7.6,null,null,null,null,null,null,common,2026-06-30 05:45:11.276302+00,2026-06-30 05:45:11.276302+00,null,100,bonus,null,null,null,2.51,null,ismeretlen,unknown,
ad06a457-6252-4c53-bcf2-bf2e5a132a04,Homalocephale,Homalocephale,dinosaur,Ázsia,Mezozoikum,Kréta,késő-kréta,72,68,0.50,null,1.5,null,null,null,null,null,null,common,2026-06-30 05:45:11.276302+00,2026-06-30 05:45:11.276302+00,null,100,bonus,null,null,null,0.50,null,ismeretlen,unknown,
83917e02-6e5a-4e19-afe7-d1b5b394c025,Erlikosaurus,Erlikosaurus,dinosaur,Ázsia,Mezozoikum,Kréta,késő-kréta,99,89,1.12,null,3.4,null,null,null,null,null,null,common,2026-06-30 05:45:11.276302+00,2026-06-30 05:45:11.276302+00,null,100,bonus,null,null,null,1.12,null,ismeretlen,unknown,
42affcab-f980-4fe7-a3ec-78b22861775f,Aragosaurus,Aragosaurus,dinosaur,Dél-Amerika,Mezozoikum,Kréta,kora-kréta,132,121,5.94,null,18,null,null,null,null,null,null,common,2026-06-30 05:45:11.276302+00,2026-06-30 05:45:11.276302+00,null,100,bonus,null,null,null,5.94,null,ismeretlen,unknown,
c52a1caa-48eb-44d0-a610-5dbfc27a220e,Beipiaosaurus,Beipiaosaurus,dinosaur,Ázsia,Mezozoikum,Kréta,kora-kréta,127,121,0.66,null,2,null,null,null,null,null,null,common,2026-06-30 05:45:11.276302+00,2026-06-30 05:45:11.276302+00,null,100,bonus,null,null,null,0.66,null,ismeretlen,unknown,
c23766cf-ccf4-4144-ad4f-7a32f0011e62,Secernosaurus,Secernosaurus,dinosaur,Dél-Amerika,Mezozoikum,Kréta,késő-kréta,71,65,0.99,null,3,null,null,null,null,null,null,common,2026-06-30 05:45:11.276302+00,2026-06-30 05:45:11.276302+00,null,100,bonus,null,null,null,0.99,null,ismeretlen,unknown,
617499f9-5d84-41bb-9924-60fe13b9ec6d,Bambiraptor,Bambiraptor,dinosaur,Észak-Amerika,Mezozoikum,Kréta,késő-kréta,84,71,0.33,null,1,null,null,null,null,null,null,common,2026-06-30 05:45:11.276302+00,2026-06-30 05:45:11.276302+00,null,100,bonus,null,null,null,0.33,null,ismeretlen,unknown,
2d99afd0-5a5f-4c3d-a55e-004b170e2380,Eolambia,Eolambia,dinosaur,Észak-Amerika,Mezozoikum,Kréta,késő-kréta,99,94,null,null,null,null,null,null,null,null,null,common,2026-06-30 05:45:11.276302+00,2026-06-30 05:45:11.276302+00,null,100,bonus,null,null,null,null,null,ismeretlen,unknown,
79bd3f34-eba4-4172-bf59-84cef321b791,Graciliceratops,Graciliceratops,dinosaur,Ázsia,Mezozoikum,Kréta,késő-kréta,99,84,null,null,null,null,null,null,null,null,null,common,2026-06-30 05:45:11.276302+00,2026-06-30 05:45:11.276302+00,null,100,bonus,null,null,null,null,null,ismeretlen,unknown,
2bed0271-8e64-4883-a013-2112fafd7042,Troodon,Troodon,dinosaur,Észak-Amerika,Mezozoikum,Kréta,késő-kréta,74,65,0.66,null,2,null,40,null,1855,Ferdinand Vandeveer Hayden,"A Troodon egy kistermetű, rendkívül intelligens theropoda dinoszaurusz volt, amely a késő kréta időszakban élt Észak-Amerika területén. Testhosszához képest kiemelkedően nagy agytérfogattal rendelkezett, így a tudomány mai állása szerint az egyik legokosabb dinoszaurusznak számít. Hatalmas, előretekintő szemei kitűnő binokuláris és éjszakai látást biztosítottak számára, ami tökéletessé tette az éjszakai vadászatra. Körülbelül 2-2.5 méter hosszú, tollas testével és sarló alakú karmaival kis emlősökre, hüllőkre vadászott, de feltehetően mindenevőként növényeket is fogyasztott.",common,2026-06-30 05:45:11.276302+00,2026-06-30 05:45:11.276302+00,null,5,bonus,5,null,null,0.66,null,ismeretlen,unknown,
8e7dfd09-e3a9-4841-bda9-5b05b4256158,Aucasaurus,Aucasaurus,dinosaur,Dél-Amerika,Mezozoikum,Kréta,késő-kréta,84,71,1.65,null,5,null,null,null,null,null,null,common,2026-06-30 05:45:11.276302+00,2026-06-30 05:45:11.276302+00,null,100,bonus,null,null,null,1.65,null,ismeretlen,unknown,
f601e161-091f-4de9-856b-5e34d31ab55c,Bactrosaurus,Bactrosaurus,dinosaur,Ázsia,Mezozoikum,Kréta,késő-kréta,84,71,1.98,null,6,null,null,null,null,null,null,common,2026-06-30 05:45:11.276302+00,2026-06-30 05:45:11.276302+00,null,100,bonus,null,null,null,1.98,null,ismeretlen,unknown,
d038f0a4-5f5b-45c6-ad83-487086db5713,Prosaurolophus,Prosaurolophus,dinosaur,Észak-Amerika,Mezozoikum,Kréta,késő-kréta,77,75,2.51,null,7.6,null,null,null,null,null,null,common,2026-06-30 05:45:11.276302+00,2026-06-30 05:45:11.276302+00,null,100,bonus,null,null,null,2.51,null,ismeretlen,unknown,
802b6420-c0d3-482a-8ae8-23efb097a5ac,Nomingia,Nomingia,dinosaur,Ázsia,Mezozoikum,Kréta,késő-kréta,72,68,0.53,null,1.6,null,null,null,null,null,null,common,2026-06-30 05:45:11.276302+00,2026-06-30 05:45:11.276302+00,null,100,bonus,null,null,null,0.53,null,ismeretlen,unknown,
8b4ec1f4-5f9e-4169-9e5e-bf34176cc214,Khaan,Khaan,dinosaur,Ázsia,Mezozoikum,Kréta,késő-kréta,81,75,0.59,null,1.8,null,null,null,null,null,null,common,2026-06-30 05:45:11.276302+00,2026-06-30 05:45:11.276302+00,null,100,bonus,null,null,null,0.59,null,ismeretlen,unknown,
1364080e-1700-4ba5-abc0-4f89d30e599e,Nothronychus,Nothronychus,dinosaur,Észak-Amerika,Mezozoikum,Kréta,késő-kréta,94,89,1.75,null,5.3,null,null,null,null,null,null,common,2026-06-30 05:45:11.276302+00,2026-06-30 05:45:11.276302+00,null,100,bonus,null,null,null,1.75,null,ismeretlen,unknown,
d9ebc036-6f2a-4501-9769-645845a2ec86,Kukufeldia,Kukufeldia,dinosaur,Európa,Mezozoikum,Kréta,kora-kréta,140,136,1.98,2.31,6,7,null,null,null,null,null,common,2026-06-30 05:45:11.276302+00,2026-06-30 05:45:11.276302+00,null,100,bonus,null,2.31,2.31,1.98,null,ismeretlen,unknown,
73327dad-bf25-421e-ae9d-fd8438f79b6e,Paralititan,Paralititan,dinosaur,Afrika,Mezozoikum,Kréta,késő-kréta,99,94,9.24,null,28,null,null,null,null,null,null,common,2026-06-30 05:45:11.276302+00,2026-06-30 05:45:11.276302+00,null,100,bonus,null,null,null,9.24,null,ismeretlen,unknown,
7c9ece91-abe6-47d9-a5a3-5368b6cebe36,Protohadros,Protohadros,dinosaur,Észak-Amerika,Mezozoikum,Kréta,késő-kréta,99,94,1.98,null,6,null,null,null,null,null,null,common,2026-06-30 05:45:11.276302+00,2026-06-30 05:45:11.276302+00,null,100,bonus,null,null,null,1.98,null,ismeretlen,unknown,
a4fae38e-ff46-4c56-9dcb-98e114c115ba,Citipati,Citipati,dinosaur,Ázsia,Mezozoikum,Kréta,késő-kréta,81,75,0.69,null,2.1,null,null,null,null,null,null,common,2026-06-30 05:45:11.276302+00,2026-06-30 05:45:11.276302+00,null,100,bonus,null,null,null,0.69,null,ismeretlen,unknown,
b39187e6-8fe8-45cb-b0e4-284c872d2793,Heyuannia,Heyuannia,dinosaur,Ázsia,Mezozoikum,Kréta,késő-kréta,72,68,0.66,null,2,null,null,null,null,null,null,common,2026-06-30 05:45:11.276302+00,2026-06-30 05:45:11.276302+00,null,100,bonus,null,null,null,0.66,null,ismeretlen,unknown,
ae76e529-94e6-4c20-9077-e8f7412e9c79,Rinchenia,Rinchenia,dinosaur,Ázsia,Mezozoikum,Kréta,késő-kréta,72,68,0.83,null,2.5,null,null,null,null,null,null,common,2026-06-30 05:45:11.276302+00,2026-06-30 05:45:11.276302+00,null,100,bonus,null,null,null,0.83,null,ismeretlen,unknown,
7079bd24-ebc1-4db4-af15-50c1dc12c926,Gryposaurus,Gryposaurus,dinosaur,Észak-Amerika,Mezozoikum,Kréta,késő-kréta,86,71,3.30,null,10,null,null,null,null,null,null,common,2026-06-30 05:45:11.276302+00,2026-06-30 05:45:11.276302+00,null,100,bonus,null,null,null,3.30,null,ismeretlen,unknown,
d962369f-0326-492d-bb85-e39d3c890e04,Komlosaurus,Komlosaurus carbonis,dinosaur,Kárpát-medence,Mezozoikum,Jura,kora-jura,200,200,1.5,2.0,null,null,null,null,1966,Kőbányászok és Wein György geológus,"A Mecsek hegységben található pécsbányai és komlói kőszénbányák mélyéről kerültek elő az állat első maradványai az 1960-as években. Ez a kora jura időszaki, két lábon járó ragadozó dínó nem csontok, hanem szinte kizárólag a megkövesedett, madárszerű lábnyomai és csapásai révén vált ismertté. A nedves, mocsaras tengerparti környezetben hagyott nyomvonalak a mai napig a legértékesebb jura kori lábnyomos leletek közé tartoznak Magyarországon.",common,2026-06-28 04:57:47.338575+00,2026-06-28 04:57:47.338575+00,Saurischia (Theropoda),3,általános iskola,1,null,null,null,Saurischia (Theropodák),ragadozó,carnivore,carbonis
079e0fd0-d75d-4f84-a76e-e38290272819,Mapusaurus,Mapusaurus,dinosaur,Dél-Amerika,Mezozoikum,Kréta,késő-kréta,99,94,4.29,null,13,null,null,null,null,null,null,common,2026-06-30 05:45:11.276302+00,2026-06-30 05:45:11.276302+00,null,100,bonus,null,null,null,4.29,null,ismeretlen,unknown,
3ad7dcad-2cb3-4496-9752-8b4d2c47cb7d,Tarchia,Tarchia,dinosaur,Ázsia,Mezozoikum,Kréta,késő-kréta,75,68,2.81,null,8.5,null,null,null,null,null,null,common,2026-06-30 05:45:11.276302+00,2026-06-30 05:45:11.276302+00,null,100,bonus,null,null,null,2.81,null,ismeretlen,unknown,
211963cc-05ec-4e8a-b2b1-5ffb473733e9,Rebbachisaurus,Rebbachisaurus,dinosaur,Afrika,Mezozoikum,Kréta,kora-kréta,112,99,6.60,null,20,null,null,null,null,null,null,common,2026-06-30 05:45:11.276302+00,2026-06-30 05:45:11.276302+00,null,100,bonus,null,null,null,6.60,null,ismeretlen,unknown,
416beca6-a7b8-4f17-ae58-5402f9acb1dc,Fukuisaurus,Fukuisaurus,dinosaur,Ázsia,Mezozoikum,Kréta,kora-kréta,121,99,1.55,null,4.7,null,null,null,null,null,null,common,2026-06-30 05:45:11.276302+00,2026-06-30 05:45:11.276302+00,null,100,bonus,null,null,null,1.55,null,ismeretlen,unknown,
7682315c-df72-4d74-8685-3f3346a3a959,Erketu,Erketu,dinosaur,Ázsia,Mezozoikum,null,null,96,89,4.95,null,15,null,null,null,null,null,null,common,2026-06-30 05:45:11.276302+00,2026-06-30 05:45:11.276302+00,null,100,bonus,null,null,null,4.95,null,ismeretlen,unknown,
833e40cf-677e-4376-af4c-e22032eef6d7,Monolophosaurus,Monolophosaurus,dinosaur,Ázsia,Mezozoikum,Jura,kora-jura,180,159,1.88,null,5.7,null,null,null,null,null,null,common,2026-06-30 05:45:11.276302+00,2026-06-30 05:45:11.276302+00,null,100,bonus,null,null,null,1.88,null,ismeretlen,unknown,
4cf3bac9-26b9-4ff9-8b3a-1bcaea53721f,Staurikosaurus,Staurikosaurus,dinosaur,Dél-Amerika,Mezozoikum,Triász,késő-triász,227,221,0.66,null,2,null,null,null,null,null,null,common,2026-06-30 05:45:11.276302+00,2026-06-30 05:45:11.276302+00,null,100,bonus,null,null,null,0.66,null,ismeretlen,unknown,
44daaeaa-abf9-49b2-80aa-67b290cb683d,Vulcanodon,Vulcanodon,dinosaur,Afrika,Mezozoikum,Triász,késő-triász,205,202,2.15,null,6.5,null,null,null,null,null,null,common,2026-06-30 05:45:11.276302+00,2026-06-30 05:45:11.276302+00,null,100,bonus,null,null,null,2.15,null,ismeretlen,unknown,
270f93d5-3934-4248-830e-21242179620c,Melanorosaurus,Melanorosaurus,dinosaur,Afrika,Mezozoikum,Triász,késő-triász,227,221,3.96,null,12,null,null,null,null,null,null,common,2026-06-30 05:45:11.276302+00,2026-06-30 05:45:11.276302+00,null,100,bonus,null,null,null,3.96,null,ismeretlen,unknown,
3301b15a-c970-4da6-b431-71dcdf0a69e7,Pisanosaurus,Pisanosaurus,dinosaur,Dél-Amerika,Mezozoikum,Triász,késő-triász,227,221,0.30,null,0.9,null,null,null,null,null,null,common,2026-06-30 05:45:11.276302+00,2026-06-30 05:45:11.276302+00,null,100,bonus,null,null,null,0.30,null,ismeretlen,unknown,
dce0f405-8930-4ff4-8ef7-14f56975949e,Liaoxiornis,Liaoxiornis,dinosaur,Ázsia,Mezozoikum,Kréta,kora-kréta,127,121,0.03,null,0.08,null,null,null,null,null,null,common,2026-06-30 05:45:11.276302+00,2026-06-30 05:45:11.276302+00,null,100,bonus,null,null,null,0.03,null,ismeretlen,unknown,
30b318c0-4f0e-4cac-a577-0d0af9bd95bb,Silvisaurus,Silvisaurus,dinosaur,Észak-Amerika,Mezozoikum,Kréta,kora-kréta,121,112,1.32,null,4,null,null,null,null,null,null,common,2026-06-30 05:45:11.276302+00,2026-06-30 05:45:11.276302+00,null,100,bonus,null,null,null,1.32,null,ismeretlen,unknown,
d16fedec-3592-45bb-bf66-9cdefce883e7,Nipponosaurus,Nipponosaurus,dinosaur,Ázsia,Mezozoikum,Kréta,késő-kréta,89,84,null,null,null,null,null,null,null,null,null,common,2026-06-30 05:45:11.276302+00,2026-06-30 05:45:11.276302+00,null,100,bonus,null,null,null,null,null,ismeretlen,unknown,
7e5c6235-06a9-4f3a-8a9c-dc8bef536524,Saurolophus,Saurolophus,dinosaur,Ázsia,Mezozoikum,Kréta,késő-kréta,74,70,2.97,null,9,null,null,null,null,null,null,common,2026-06-30 05:45:11.276302+00,2026-06-30 05:45:11.276302+00,null,100,bonus,null,null,null,2.97,null,ismeretlen,unknown,
76cce2fe-db97-4733-8d31-4c784f0349cf,Tanius,Tanius,dinosaur,Ázsia,Mezozoikum,Kréta,késő-kréta,89,65,null,null,null,null,null,null,null,null,null,common,2026-06-30 05:45:11.276302+00,2026-06-30 05:45:11.276302+00,null,100,bonus,null,null,null,null,null,ismeretlen,unknown,
d0a2130c-b3ab-4738-837d-016d168753e7,Tsagantegia,Tsagantegia,dinosaur,Ázsia,Mezozoikum,Kréta,késő-kréta,99,84,null,null,null,null,null,null,null,null,null,common,2026-06-30 05:45:11.276302+00,2026-06-30 05:45:11.276302+00,null,100,bonus,null,null,null,null,null,ismeretlen,unknown,
a219d832-34e0-4a4c-b585-11cdd9644dba,Sauropelta,Sauropelta,dinosaur,Észak-Amerika,Mezozoikum,Kréta,kora-kréta,121,94,2.15,null,6.5,null,null,null,null,null,null,common,2026-06-30 05:45:11.276302+00,2026-06-30 05:45:11.276302+00,null,100,bonus,null,null,null,2.15,null,ismeretlen,unknown,
14d63feb-c34f-4a33-95ae-e5b9e36055cc,Sinornithosaurus,Sinornithosaurus,dinosaur,Ázsia,Mezozoikum,Kréta,kora-kréta,122,120,0.66,null,2,null,null,null,null,null,null,common,2026-06-30 05:45:11.276302+00,2026-06-30 05:45:11.276302+00,null,100,bonus,null,null,null,0.66,null,ismeretlen,unknown,
02350396-509b-44e0-8bd4-60f96bc93eb4,Lexovisaurus,Lexovisaurus,dinosaur,Európa,Mezozoikum,Jura,középső-jura,170,150,1.65,1.98,5,6,null,null,null,null,null,common,2026-06-30 05:45:11.276302+00,2026-06-30 05:45:11.276302+00,null,100,bonus,null,1.98,1.98,1.65,null,ismeretlen,unknown,
0c141ef1-db06-4f3f-8758-96528450d9ca,Confuciusornis,Confuciusornis,dinosaur,Ázsia,Mezozoikum,Kréta,kora-kréta,127,121,0.08,null,0.25,null,null,null,null,null,null,common,2026-06-30 05:45:11.276302+00,2026-06-30 05:45:11.276302+00,null,100,bonus,null,null,null,0.08,null,ismeretlen,unknown,
0deb47cd-fbe1-4c80-8b0e-62ff293c9ef6,Maxakalisaurus,Maxakalisaurus,dinosaur,Dél-Amerika,Mezozoikum,Kréta,késő-kréta,80,80,4.29,null,13,null,null,null,null,null,null,common,2026-06-30 05:45:11.276302+00,2026-06-30 05:45:11.276302+00,null,100,bonus,null,null,null,4.29,null,ismeretlen,unknown,
5a89ca5a-2752-4b8d-bed8-71347c1ac2c7,Bellusaurus,Bellusaurus,dinosaur,Ázsia,Mezozoikum,Jura,kora-jura,180,159,1.65,null,5,null,null,null,null,null,null,common,2026-06-30 05:45:11.276302+00,2026-06-30 05:45:11.276302+00,null,100,bonus,null,null,null,1.65,null,ismeretlen,unknown,
c0c6ed40-947e-4f82-92e3-0a11c807bcbd,Avalonia,Avalonia,dinosaur,Európa,Mezozoikum,Triász,késő-triász,210,205,2.97,null,9,null,null,null,null,null,null,common,2026-06-30 05:45:11.276302+00,2026-06-30 05:45:11.276302+00,null,100,bonus,null,null,null,2.97,null,ismeretlen,unknown,
7b47756d-7ac9-4a2f-9eb3-381c99c78da4,Amygdalodon,Amygdalodon,dinosaur,Dél-Amerika,Mezozoikum,Jura,kora-jura,177,169,4.95,null,15,null,null,null,null,null,null,common,2026-06-30 05:45:11.276302+00,2026-06-30 05:45:11.276302+00,null,100,bonus,null,null,null,4.95,null,ismeretlen,unknown,
417f3048-c5ef-4a6e-9961-fdb404d5e3be,Euskelosaurus,Euskelosaurus,dinosaur,Afrika,Mezozoikum,Triász,késő-triász,227,210,3.30,null,10,null,null,null,null,null,null,common,2026-06-30 05:45:11.276302+00,2026-06-30 05:45:11.276302+00,null,100,bonus,null,null,null,3.30,null,ismeretlen,unknown,
5cc5cff0-7322-470e-a71f-1a5430d64d58,Kunbarrasaurus,Kunbarrasaurus ieversi,dinosaur,Ázsia,Mezozoikum,Kréta,kora-kréta,119,100,0.66,0.99,2.0,3.0,null,null,2015,Lucy Elphinstone,"Egy korábban Minmi néven besorolt páncélos dinoszaurusz, amelynek leleteiben fosszilizálódott gyomortartalmat is találtak.",common,2026-06-30 04:46:58.828164+00,2026-06-30 04:46:58.828164+00,null,4,doktori,4,0.99,0.99,0.66,null,ismeretlen,unknown,ieversi
5d84e835-eb64-4cdd-bd3e-cb267e6c9c58,Anchisaurus,Anchisaurus,dinosaur,Észak-Amerika,Mezozoikum,Jura,kora-jura,190,190,0.66,null,2,null,null,null,null,null,null,common,2026-06-30 05:45:11.276302+00,2026-06-30 05:45:11.276302+00,null,100,bonus,null,null,null,0.66,null,ismeretlen,unknown,
ff0a443f-80cb-4434-aaa7-0b2273187d7d,Brachytrachelopan,Brachytrachelopan,dinosaur,Dél-Amerika,Mezozoikum,Jura,késő-jura,150,150,3.30,null,10,null,null,null,null,null,null,common,2026-06-30 05:45:11.276302+00,2026-06-30 05:45:11.276302+00,null,100,bonus,null,null,null,3.30,null,ismeretlen,unknown,
9f065ee9-6d3a-42a3-a313-915ec05968d3,Arrhinoceratops,Arrhinoceratops,dinosaur,Észak-Amerika,Mezozoikum,Kréta,késő-kréta,72,67,1.98,2.64,6,8,null,null,null,null,null,common,2026-06-30 05:45:11.276302+00,2026-06-30 05:45:11.276302+00,null,100,bonus,null,2.64,2.64,1.98,null,ismeretlen,unknown,
2bf5b3bd-abf7-409d-a215-ed65fb2455a4,Lufengosaurus,Lufengosaurus,dinosaur,Ázsia,Mezozoikum,Jura,kora-jura,200,195,1.98,null,6,null,null,null,null,null,null,common,2026-06-30 05:45:11.276302+00,2026-06-30 05:45:11.276302+00,null,100,bonus,null,null,null,1.98,null,ismeretlen,unknown,
5ff16323-d760-42e0-82ef-5fad68801f9a,Cetiosauriscus,Cetiosauriscus,dinosaur,Európa,Mezozoikum,Jura,kora-jura,175,160,4.95,null,15,null,null,null,null,null,null,common,2026-06-30 05:45:11.276302+00,2026-06-30 05:45:11.276302+00,null,100,bonus,null,null,null,4.95,null,ismeretlen,unknown,
a775722c-4e3f-4aae-804c-c29e07f82e2e,Ammosaurus,Ammosaurus,dinosaur,Észak-Amerika,Mezozoikum,Jura,kora-jura,195,180,1.65,null,5,null,null,null,null,null,null,common,2026-06-30 05:45:11.276302+00,2026-06-30 05:45:11.276302+00,null,100,bonus,null,null,null,1.65,null,ismeretlen,unknown,
48acb2c6-0719-4035-94f5-44630f0a7f05,Emausaurus,Emausaurus,dinosaur,Európa,Mezozoikum,Jura,kora-jura,190,180,0.66,null,2,null,null,null,null,null,null,common,2026-06-30 05:45:11.276302+00,2026-06-30 05:45:11.276302+00,null,100,bonus,null,null,null,0.66,null,ismeretlen,unknown,
9ec4b521-1e94-4859-b64e-70511764f58a,Yuanmousaurus,Yuanmousaurus,dinosaur,Ázsia,Mezozoikum,Jura,kora-jura,180,159,5.61,null,17,null,null,null,null,null,null,common,2026-06-30 05:45:11.276302+00,2026-06-30 05:45:11.276302+00,null,100,bonus,null,null,null,5.61,null,ismeretlen,unknown,
b38bee70-f81e-4936-a483-c0ab36e3f99e,Coloradisaurus,Coloradisaurus,dinosaur,Dél-Amerika,Mezozoikum,Triász,késő-triász,221,210,1.32,null,4,null,null,null,null,null,null,common,2026-06-30 05:45:11.276302+00,2026-06-30 05:45:11.276302+00,null,100,bonus,null,null,null,1.32,null,ismeretlen,unknown,
a0736322-1b74-4367-9598-3eb00b86dd67,Kotasaurus,Kotasaurus,dinosaur,Ázsia,Mezozoikum,Triász,késő-triász,205,180,2.97,null,9,null,null,null,null,null,null,common,2026-06-30 05:45:11.276302+00,2026-06-30 05:45:11.276302+00,null,100,bonus,null,null,null,2.97,null,ismeretlen,unknown,
8c500135-cb85-4e72-b27d-a76207e1c5bb,Oryctodromeus,Oryctodromeus,dinosaur,Észak-Amerika,Mezozoikum,Kréta,késő-kréta,99,94,0.69,null,2.1,null,null,null,null,null,null,common,2026-06-30 05:45:11.276302+00,2026-06-30 05:45:11.276302+00,null,100,bonus,null,null,null,0.69,null,ismeretlen,unknown,
1b92aa0b-4f10-43db-a0e0-cc5841840130,Eoraptor,Eoraptor,dinosaur,Dél-Amerika,Mezozoikum,Triász,késő-triász,228,228,0.33,null,1,null,200,null,null,null,null,common,2026-06-30 05:45:11.276302+00,2026-06-30 05:45:11.276302+00,null,100,bonus,null,null,null,0.33,null,ismeretlen,unknown,
d02e15ca-016f-4f29-a21e-ee0866be61a6,Tuojiangosaurus,Tuojiangosaurus,dinosaur,Ázsia,Mezozoikum,Jura,késő-jura,157,154,2.31,null,7,null,1500,null,null,null,null,common,2026-06-30 05:45:11.276302+00,2026-06-30 05:45:11.276302+00,null,100,bonus,null,null,null,2.31,null,ismeretlen,unknown,
7431063f-42ab-4255-995a-4f41eedbc1e4,Mononykus,Mononykus,dinosaur,Ázsia,Mezozoikum,Kréta,késő-kréta,81,68,0.33,null,1,null,null,null,null,null,null,common,2026-06-30 05:45:11.276302+00,2026-06-30 05:45:11.276302+00,null,100,bonus,null,null,null,0.33,null,ismeretlen,unknown,
58a6e455-b6fe-48ce-84c4-8dbf221b49fb,Achillobator,Achillobator,dinosaur,Ázsia,Mezozoikum,Kréta,késő-kréta,99,84,1.65,null,5,null,null,null,null,null,null,common,2026-06-30 05:45:11.276302+00,2026-06-30 05:45:11.276302+00,null,100,bonus,null,null,null,1.65,null,ismeretlen,unknown,
b3167669-4af0-4f8a-8065-6225ce40e5a7,Orodromeus,Orodromeus,dinosaur,Észak-Amerika,Mezozoikum,Kréta,késő-kréta,74,74,0.66,null,2,null,50,null,null,null,null,common,2026-06-30 05:45:11.276302+00,2026-06-30 05:45:11.276302+00,null,100,bonus,null,null,null,0.66,null,ismeretlen,unknown,
d143b514-0775-4cc1-866c-a862f68ccd58,Elaphrosaurus,Elaphrosaurus,dinosaur,Észak-Amerika,Mezozoikum,Jura,késő-jura,154,151,2.05,null,6.2,null,null,null,null,null,null,common,2026-06-30 05:45:11.276302+00,2026-06-30 05:45:11.276302+00,null,100,bonus,null,null,null,2.05,null,ismeretlen,unknown,
d7c6794c-6d97-496f-b82e-f0ec33a52ec2,Dilophosaurus,Dilophosaurus,dinosaur,Észak-Amerika,Mezozoikum,Jura,kora-jura,190,190,1.98,null,6,null,300,450,1942,Jesse Williams (leírta Samuel Paul Welles),"A Dilophosaurus a kora jura időszak egyik legkorábbi nagy termetű húsevő dinoszaurusza, amely a mai Arizona (Észak-Amerika) területén élt. Legszembetűnőbb jellemzője a koponyáján húzódó két vékony, félkör alakú csontos taréj volt, amelyeket valószínűleg udvarlásra vagy fajtársak felismerésére használt. Közel 6-7 méter hosszú és 400 kilogramm súlyú, karcsú felépítésű ragadozó volt, erős hátsó lábakkal és hosszú, fogazott állkapoccsal. A filmbéli ábrázolásokkal ellentétben nincs bizonyíték arra, hogy mérget köpött volna, vagy nyakfodrot viselt volna, puszta fizikai erejével vadászott.",common,2026-06-30 05:45:11.276302+00,2026-06-30 05:45:11.276302+00,null,5,bonus,5,null,null,1.98,null,ismeretlen,unknown,
338e8728-3241-46b9-9b11-f148d7eaaef4,Iguanodon,Iguanodon bernissartensis,dinosaur,Európa,Mezozoikum,Kréta,kora-kréta,140,125.0,3.50,3.0,10,10.0,4000,3500.0,1822,Gideon Mantell,"A history harmadik leírt dinoszaurusza, amelynek jellegzetes hüvelykujj-tüskéjét a kutatók kezdetben hibásan az állat orrán elhelyezkedő szarvként rekonstruálták. Ez a nagytestű növényevő alapjaiban formálta át a 19. századi tudósok elképzelését arról, hogyan is néztek ki egykor a dinoszauruszok. A belgiumi Bernissart bányából előkerült tucatnyi csontváz tette lehetővé a faj pontos rekonstrukcióját.",common,2026-06-28 05:04:05.68662+00,2026-06-28 05:04:05.68662+00,"Ornithischia (Ornithopoda, Iguanodontidae)",4,középiskola,2,null,null,3.50,"Ornithischia (Madárlábúak, Iguanodontidák)",növényevő,herbivore,bernissartensis
f5863ed1-4ba5-428c-9656-464cec63bb5c,Liliensternus,Liliensternus,dinosaur,Európa,Mezozoikum,Triász,késő-triász,205,202,1.65,null,5,null,null,null,null,null,null,common,2026-06-30 05:45:11.276302+00,2026-06-30 05:45:11.276302+00,null,100,bonus,null,null,null,1.65,null,ismeretlen,unknown,
928ceffd-ecb0-460f-9031-1e7a3632727e,Lycorhinus,Lycorhinus,dinosaur,Afrika,Mezozoikum,Triász,késő-triász,205,195,0.40,null,1.2,null,null,null,null,null,null,common,2026-06-30 05:45:11.276302+00,2026-06-30 05:45:11.276302+00,null,100,bonus,null,null,null,0.40,null,ismeretlen,unknown,
ebc77beb-9561-46f3-adcc-ce03916f7028,Hatzegopteryx,Hatzegopteryx thambema,pterosaur,Kárpát-medence,Mezozoikum,Kréta,késő-kréta,70,66,null,null,null,null,100.0,250.0,2002,"Eric Buffetaut, Dan Grigorescu és Csiki Zoltán","Az egyik legnagyobb ismert pteroszaurusz, amelynek koponyája akár 2,5 méter hosszú is lehetett, és rendkívül széles, erős izomzatú volt — szokatlanul rövid, masszív nyakkal a más óriás azhdarchidákhoz képest. A Hátszegi-sziget egykori ökoszisztémájának csúcsragadozója volt egy olyan világban, ahol nagytestű ragadozó dinoszauruszok nem éltek, így a pteroszauruszok uralták a tetejét a táplálékláncnak. Becenevei között szerepel a ""Hátszeg-sárkánya"", mivel mérete és külseje miatt a Drakula-legendák szülőföldjén egy valódi, repülő szörnyetegre emlékeztet.",legendary,2026-06-28 05:30:51.768033+00,2026-06-28 05:30:51.768033+00,Pterosauria (Azhdarchidae),1,általános iskola,1,null,null,null,Pterosauria (Azhdarchidák),ragadozó,carnivore,thambema
c0c0a4c3-66f6-49e3-9e0e-54bbbec06379,Nigersaurus,Nigersaurus taqueti,dinosaur,Afrika,Mezozoikum,Kréta,kora-kréta,115.0,105.0,5.25,3.15,15,9.0,null,4000.0,1976,"Philippe Taquet, 1976; újraleírás: Paul Sereno és munkatársai, 1999/2010","Ezt a viszonylag kistermetű sauropodát rendkívül szélessé lapult, egyenes szélű koponyája és szája különbözteti meg minden más hosszúnyakú dinoszaurusztól, amellyel alacsonyan növő páfrányokat és zsurlókat tudott lenyírni, akár egy fűnyíró. Fogazata folyamatosan újratermelődött: szájában egyszerre akár 500 fog is sorakozott több, egymást váltó fogsorban, amelyek rendkívül gyors kopási rátára utalnak. Koponyacsontjai annyira vékonyak és üregesek voltak, hogy a kutatók a ""mezozoikum tehene"" becenévvel illették, jelezve alacsonyan tartott fejjel végzett, legelésszerű táplálkozási stratégiáját.",common,2026-06-28 05:03:00.009612+00,2026-06-28 05:03:00.009612+00,"Saurischia (Sauropoda, Rebbachisauridae)",1,egyetem,3,3.15,3.15,5.25,"Saurischia (Sauropodák, Rebbachisauridák)",növényevő,herbivore,taqueti
50c7e77e-64d6-4f8c-b75b-71a2d5c89f5c,Guanlong,Guanlong,dinosaur,Ázsia,Mezozoikum,Jura,késő-jura,159,154,0.99,null,3,null,null,null,null,null,null,common,2026-06-30 05:45:11.276302+00,2026-06-30 05:45:11.276302+00,null,100,bonus,null,null,null,0.99,null,ismeretlen,unknown,
3064829f-4121-4359-9662-a83c3ff35c7a,Spinosaurus,Spinosaurus aegyptiacus,dinosaur,Afrika,Mezozoikum,Kréta,késő-kréta,99.0,93.5,5.32,5.70,14.0,15.0,7000.0,9000.0,1912,"Ernst Stromer von Reichenbach, 1912 (leírás: 1915)","A valaha élt legnagyobb ismert ragadozó dinoszaurusz, amelynek magas, vitorlaszerű képződmény húzódott a hátán a megnyúlt csigolyanyúlványok mentén. Krokodilszerű, megnyúlt koponyája és kónikus fogai arra utalnak, hogy elsősorban halakra specializálódott, és feltehetően jelentős időt töltött vízben vagy víz közelében. Az eredeti, 1912-ben Egyiptomban talált csontváz egy 1944-es szövetségi légitámadás során a müncheni múzeumban megsemmisült, így a fajról ma elsősorban a 2008 után Marokkóban felfedezett új leletek alapján tudunk.",common,2026-06-28 05:03:00.009612+00,2026-06-28 05:03:00.009612+00,"Saurischia (Theropoda, Spinosauridae)",1,egyetem,3,5.70,5.70,5.32,"Saurischia (Theropodák, Spinosauridák)",halevő,piscivore,aegyptiacus
d6f84c67-108e-4a5b-a9a5-13955ae79bcc,Hylaeosaurus,Hylaeosaurus armatus,dinosaur,Európa,Mezozoikum,Jura,késő-jura,150,136.0,1.25,1.50,5,6.0,null,null,1832,Gideon Mantell,"A történelemben harmadikként hivatalosan elnevezett dinoszaurusznem, a Megalosaurus és az Iguanodon mellett a tudomány egyik első három felismert dinoszaurusza. Ez a korai páncélos növényevő hosszú, hegyes tüskékkel védte testének oldalát és hátát a ragadozók ellen. A róla elnevezett Ankylosauria csoport később a legjobban védett, legpáncélosabb dinoszauruszokat foglalta magába.",common,2026-06-28 05:04:05.68662+00,2026-06-28 05:04:05.68662+00,Ornithischia (Ankylosauria),1,középiskola,2,1.50,1.50,1.25,Ornithischia (Páncélos dinoszauruszok),növényevő,herbivore,armatus
61762b3b-38a7-4311-b0ca-121f86ebc0f9,Ouranosaurus,Ouranosaurus nigeriensis,dinosaur,Afrika,Mezozoikum,Kréta,kora-kréta,112.0,110.0,2.45,2.45,7,7.0,null,2000.0,1966,"Philippe Taquet, 1966 (leírás: 1976)","Ennek a négy lábon is járni képes, csőrös szájú növényevőnek a hátán a csigolyák hosszú nyúlványai egy alacsony, vitorlaszerű gerincet alkottak, amely vagy hőszabályozást, vagy egy zsírral teli púpot, esetleg vizuális jelzést szolgált. Lapos, széles koponyája és kacsacsőrszerű szája jelzi, hogy a hadrosauridáknak megfelelő ökológiai szerepet töltött be még azelőtt, hogy a valódi kacsacsőrűek elterjedtek volna. Felfedezője, Philippe Taquet francia paleontológus a Szahara mélyén, a Niger folyó menti Gadoufaoua-lelőhelyen tárta fel az első, viszonylag teljes csontvázát.",common,2026-06-28 05:03:00.009612+00,2026-06-28 05:03:00.009612+00,"Ornithischia (Ornithopoda, Iguanodontidae)",1,egyetem,3,2.45,2.45,2.45,"Ornithischia (Madárlábúak, Iguanodontidák)",növényevő,herbivore,nigeriensis
d19d1af2-029c-4767-8d43-c73f7a80107f,Nanotyrannus,Nanotyrannus,dinosaur,Észak-Amerika,Mezozoikum,Kréta,késő-kréta,67,65,1.65,null,5,null,null,null,null,null,null,common,2026-06-30 05:45:11.276302+00,2026-06-30 05:45:11.276302+00,null,100,bonus,null,null,null,1.65,null,ismeretlen,unknown,
da02ffa4-7b09-4f3f-8ad4-54285410aa38,Lesothosaurus,Lesothosaurus,dinosaur,Afrika,Mezozoikum,Triász,késő-triász,213,200,0.33,null,1,null,10,null,null,null,null,common,2026-06-30 05:45:11.276302+00,2026-06-30 05:45:11.276302+00,null,100,bonus,null,null,null,0.33,null,ismeretlen,unknown,
6e73b22d-5c01-4a54-8143-01b55397fac9,Gargoyleosaurus,Gargoyleosaurus,dinosaur,Észak-Amerika,Mezozoikum,Jura,késő-jura,154,142,1.32,null,4,null,null,null,null,null,null,common,2026-06-30 05:45:11.276302+00,2026-06-30 05:45:11.276302+00,null,100,bonus,null,null,null,1.32,null,ismeretlen,unknown,
0a47f7e3-9292-4c78-903f-d534adc58902,Eodromaeus,Eodromaeus,dinosaur,Dél-Amerika,Mezozoikum,Triász,késő-triász,230,230,0.50,null,1.5,null,45,null,null,null,null,common,2026-06-30 05:45:11.276302+00,2026-06-30 05:45:11.276302+00,null,100,bonus,null,null,null,0.50,null,ismeretlen,unknown,
1cf58970-40a4-48c1-8a6f-5833818fce3e,Carcharodontosaurus,Carcharodontosaurus saharicus,dinosaur,Afrika,Mezozoikum,Kréta,késő-kréta,100.0,94.0,4.56,4.94,12.0,13.0,6000.0,7500.0,1925,"Charles Depéret és Justin Savornin, 1925; újraleírás: Ernst Stromer, 1931","Nevének jelentése ""cápafogú gyík"", utalva hosszú, lapos, fűrészes szélű fogaira, amelyek a nagyméretű cápákéhoz hasonlítanak. Méretét tekintve a Tyrannosaurusszal vetekedő, ám nála hosszabb és karcsúbb testű ragadozó volt, amely az Észak-Afrikát akkoriban borító kréta időszaki ártéri ökoszisztéma csúcspredátora lehetett. Az eredeti típuslelet ugyanabban a 1944-es müncheni bombázásban veszett oda, mint a Spinosaurusé, így a modern ismereteink jelentős része az 1990-es évek után Marokkóban és Nigerben talált új csontokra épül.",common,2026-06-28 05:03:00.009612+00,2026-06-28 05:03:00.009612+00,"Saurischia (Theropoda, Carcharodontosauridae)",1,egyetem,3,4.94,4.94,4.56,"Saurischia (Theropodák, Carcharodontosauridák)",ragadozó,carnivore,saharicus
ca803c11-1ce5-4247-ba71-91765ac47fda,Giraffatitan,Giraffatitan brancai,dinosaur,Afrika,Mezozoikum,Jura,késő-jura,154,150.0,7.35,12.0,21.0,23.0,23000.0,30000.0,1909,"Werner Janensch és a német Tendaguru-expedíció, 1909–1912","Eredetileg a Brachiosaurus egyik fajaként írták le, mára azonban önálló nemzetségként tartják, amelyet a hátsó lábaihoz képest feltűnően hosszú mellső lábai és zsiráfszerűen magasra emelt nyaka jellemez. A német gyarmati Kelet-Afrikában, a mai Tanzánia területén fekvő Tendaguru-domb leletegyüttese a 20. század elejének egyik legnagyobb szabású ásatása volt, amely több ezer csontot eredményezett. Magassága lehetővé tette számára, hogy a kortárs alacsonyabb sauropodáknál jóval feljebb, a fák koronájának magasságában táplálkozzon, csökkentve az élelemért folyó versengést.",common,2026-06-28 05:03:00.009612+00,2026-06-28 05:03:00.009612+00,"Saurischia (Sauropoda, Brachiosauridae)",2,egyetem,3,null,null,7.35,"Saurischia (Sauropodák, Brachiosauridák)",növényevő,herbivore,brancai
29896071-1c0e-4893-a581-97d878f4cc74,Sarcosaurus,Sarcosaurus,dinosaur,Európa,Mezozoikum,Triász,késő-triász,202,195,0.99,null,3,null,null,null,null,null,null,common,2026-06-30 05:45:11.276302+00,2026-06-30 05:45:11.276302+00,null,100,bonus,null,null,null,0.99,null,ismeretlen,unknown,
e813dd65-f63b-4385-9197-905ae6ef561b,Guaibasaurus,Guaibasaurus,dinosaur,Dél-Amerika,Mezozoikum,Triász,késő-triász,221,210,0.59,null,1.8,null,null,null,null,null,null,common,2026-06-30 05:45:11.276302+00,2026-06-30 05:45:11.276302+00,null,100,bonus,null,null,null,0.59,null,ismeretlen,unknown,
fa833534-cc28-4f8b-b92a-ce85a67a9426,Lophostropheus,Lophostropheus,dinosaur,Európa,Mezozoikum,Triász,késő-triász,203,196,2.05,null,6.2,null,null,null,null,null,null,common,2026-06-30 05:45:11.276302+00,2026-06-30 05:45:11.276302+00,null,100,bonus,null,null,null,2.05,null,ismeretlen,unknown,
954a1a5a-6d26-498f-893d-f060d070559a,Saltopus,Saltopus,dinosaur,Európa,Mezozoikum,Triász,késő-triász,221,210,null,null,null,null,null,null,null,null,null,common,2026-06-30 05:45:11.276302+00,2026-06-30 05:45:11.276302+00,null,100,bonus,null,null,null,null,null,ismeretlen,unknown,
809def46-f69c-461f-8ad2-758848a9be3e,Suchomimus,Suchomimus tenerensis,dinosaur,Afrika,Mezozoikum,Kréta,kora-kréta,121,112.0,3.61,4.18,9.5,11.0,2700.0,5200.0,1997,"Paul Sereno és munkatársai, 1997–1998 (leírás: 1998)","Neve azt jelenti, ""krokodilra hasonlító"", utalva rendkívül megnyúlt, alacsony és keskeny koponyájára, amely jellegzetes, hátrahajló fogakkal teli orral végződik. Mellső lábain a hüvelykujjon óriási, sarló alakú karom ült, amelyet feltehetően halak megragadására és kiemelésére használt egy egykori folyóparti élőhelyen. Paul Sereno amerikai paleontológus csapata fedezte fel a Szahara nigeri részén, és rokonságban áll az egyiptomi Spinosaurusszal, de annál karcsúbb testfelépítésű és hiányzik belőle a magas hátvitorla.",common,2026-06-28 05:03:00.009612+00,2026-06-28 05:03:00.009612+00,"Saurischia (Theropoda, Spinosauridae)",1,egyetem,3,4.18,4.18,3.61,"Saurischia (Theropodák, Spinosauridák)",halevő,piscivore,tenerensis
a65b655b-68e1-449f-9821-e638ce4ccdf6,Chindesaurus,Chindesaurus,dinosaur,Észak-Amerika,Mezozoikum,Triász,késő-triász,227,210,1.32,null,4,null,null,null,null,null,null,common,2026-06-30 05:45:11.276302+00,2026-06-30 05:45:11.276302+00,null,100,bonus,null,null,null,1.32,null,ismeretlen,unknown,
53db674c-e0db-4916-b084-32590e87c746,Xiaotingia,Xiaotingia,dinosaur,Ázsia,Mezozoikum,Jura,késő-jura,160,160,0.17,null,0.5,null,1.9,3,null,null,null,common,2026-06-30 05:45:11.276302+00,2026-06-30 05:45:11.276302+00,null,100,bonus,null,null,null,0.17,null,ismeretlen,unknown,
175dee8f-1649-4272-85eb-0f44bfb25e05,Gasosaurus,Gasosaurus,dinosaur,Ázsia,Mezozoikum,Jura,középső-jura,170,160,1.32,null,4,null,null,null,null,null,null,common,2026-06-30 05:45:11.276302+00,2026-06-30 05:45:11.276302+00,null,100,bonus,null,null,null,1.32,null,ismeretlen,unknown,
5f5e9cdb-77c4-49b9-ab0f-a33a6629ddb4,Huayangosaurus,Huayangosaurus,dinosaur,Ázsia,Mezozoikum,Jura,középső-jura,170,160,1.49,null,4.5,null,null,null,null,null,null,common,2026-06-30 05:45:11.276302+00,2026-06-30 05:45:11.276302+00,null,100,bonus,null,null,null,1.49,null,ismeretlen,unknown,
f7803be8-3df9-44dc-a336-1c74c9c85122,Pegomastax,Pegomastax,dinosaur,Afrika,Mezozoikum,Jura,kora-jura,200,190,0.15,0.20,0.45,0.6,null,null,null,null,null,common,2026-06-30 05:45:11.276302+00,2026-06-30 05:45:11.276302+00,null,100,bonus,null,0.20,0.20,0.15,null,ismeretlen,unknown,
f155979d-58a8-4933-b6ba-98a4a4caae07,Urbacodon,Urbacodon,dinosaur,Ázsia,Mezozoikum,Kréta,késő-kréta,95,95,0.33,null,1,null,null,null,null,null,null,common,2026-06-30 05:45:11.276302+00,2026-06-30 05:45:11.276302+00,null,100,bonus,null,null,null,0.33,null,ismeretlen,unknown,
f95f0411-4b04-45a3-816f-06c2dc4626a0,Segisaurus,Segisaurus,dinosaur,Észak-Amerika,Mezozoikum,Jura,kora-jura,195,180,0.50,null,1.5,null,null,null,null,null,null,common,2026-06-30 05:45:11.276302+00,2026-06-30 05:45:11.276302+00,null,100,bonus,null,null,null,0.50,null,ismeretlen,unknown,
5cfc56b1-b65a-44a6-9e87-37cece47ad90,Lurdusaurus,Lurdusaurus,dinosaur,Afrika,Mezozoikum,Kréta,kora-kréta,121,112,2.97,null,9,null,null,null,null,null,null,common,2026-06-30 05:45:11.276302+00,2026-06-30 05:45:11.276302+00,null,100,bonus,null,null,null,2.97,null,ismeretlen,unknown,
778aa222-4666-4ab6-8fdd-ba5f5a6a587b,Herrerasaurus,Herrerasaurus,dinosaur,Dél-Amerika,Mezozoikum,Triász,késő-triász,228,228,0.99,null,3,null,null,null,null,null,null,common,2026-06-30 05:45:11.276302+00,2026-06-30 05:45:11.276302+00,null,100,bonus,null,null,null,0.99,null,ismeretlen,unknown,
da319e68-4438-4f7d-9e73-bbbf4f7083b0,Heterodontosaurus,Heterodontosaurus,dinosaur,Afrika,Mezozoikum,Triász,késő-triász,205,205,0.40,null,1.2,null,null,null,null,null,null,common,2026-06-30 05:45:11.276302+00,2026-06-30 05:45:11.276302+00,null,100,bonus,null,null,null,0.40,null,ismeretlen,unknown,
6ebd8707-178a-404b-b00c-69ecfd98855d,Euhelopus,Euhelopus,dinosaur,Ázsia,Mezozoikum,Jura,késő-jura,154,142,3.30,4.95,10,15,null,null,null,null,null,common,2026-06-30 05:45:11.276302+00,2026-06-30 05:45:11.276302+00,null,100,bonus,null,4.95,4.95,3.30,null,ismeretlen,unknown,
9066b48f-c2b4-4807-ae0e-347a07e9fc7e,Yimenosaurus,Yimenosaurus,dinosaur,Ázsia,Mezozoikum,Jura,kora-jura,195,190,2.97,null,9,null,null,null,null,null,null,common,2026-06-30 05:45:11.276302+00,2026-06-30 05:45:11.276302+00,null,100,bonus,null,null,null,2.97,null,ismeretlen,unknown,
1d6c7b61-0b32-496b-ad03-0d6025e461c0,Aardonyx,Aardonyx,dinosaur,Afrika,Mezozoikum,Jura,kora-jura,199.600006,189.600006,2.64,null,8,null,null,null,null,null,null,common,2026-06-30 05:45:11.276302+00,2026-06-30 05:45:11.276302+00,null,100,bonus,null,null,null,2.64,null,ismeretlen,unknown,
92e05ce3-2dd6-4f39-a72d-9d62dee80697,Piatnitzkysaurus,Piatnitzkysaurus,dinosaur,Dél-Amerika,Mezozoikum,Jura,középső-jura,164,159,1.39,null,4.2,null,null,null,null,null,null,common,2026-06-30 05:45:11.276302+00,2026-06-30 05:45:11.276302+00,null,100,bonus,null,null,null,1.39,null,ismeretlen,unknown,
e3897973-4a81-4be6-8603-80c399462a72,Proceratosaurus,Proceratosaurus,dinosaur,Európa,Mezozoikum,Jura,középső-jura,169,164,1.35,null,4.1,null,null,null,null,null,null,common,2026-06-30 05:45:11.276302+00,2026-06-30 05:45:11.276302+00,null,100,bonus,null,null,null,1.35,null,ismeretlen,unknown,
c577b1d4-d27b-4ebc-a9e4-6e74e24b064c,Coelophysis,Coelophysis,dinosaur,Észak-Amerika,Mezozoikum,Triász,késő-triász,225,190,0.66,0.99,2,3,27,null,1881,David Baldwin (leírta Edward Drinker Cope),"A Coelophysis egyike a legkorábbi és legsikeresebb kistermetű dinoszauruszoknak, amely a triász időszak végén élt Észak-Amerika területén. Körülbelül 3 méter hosszú, rendkívül karcsú, áramvonalas testtel és üreges csontokkal rendelkezett, ami rendkívül gyors és rugalmas futóvá tette. Hosszú, keskeny feje éles, fűrészes fogakkal volt teli, mellső végtagjain pedig fogóujjak helyezkedtek el a zsákmány megragadására. Mivel Új-Mexikóban egy helyen több száz épségben megmaradt csontvázát fedezték fel, a tudósok biztosak benne, hogy nagy csoportokban, falkákban élt és vadászott.",common,2026-06-30 05:45:11.276302+00,2026-06-30 05:45:11.276302+00,null,5,bonus,5,0.99,0.99,0.66,null,ismeretlen,unknown,
b331382f-cc2b-47b8-bf55-6b34b10b2fe9,Megalosaurus,Megalosaurus bucklandii,dinosaur,Európa,Mezozoikum,Jura,középső-jura,170,166.0,3.42,3.0,9,9.0,null,1000.0,1824,William Buckland,"Ez volt a tudománytörténet első, hivatalosan elnevezett és leírt dinoszaurusza 1824-ben, jóval azelőtt, hogy a 'dinoszaurusz' szó egyáltalán létezett volna. A nagytestű, két lábon járó jura időszaki ragadozó robusztus lábcsontjai és görbe, fűrészes fogai alapján vált ismertté. Felfedezése indította el azt a tudományos forradalmat, amely végül az egész dinoszaurusz-kutatás megalapozásához vezetett.",common,2026-06-28 05:04:05.68662+00,2026-06-28 05:04:05.68662+00,"Saurischia (Theropoda, Megalosauridae)",4,középiskola,2,null,null,3.42,"Saurischia (Theropodák, Megalosauridák)",ragadozó,carnivore,bucklandii
e267a8b7-5f80-444c-83e2-b2c46279cfff,Rhoetosaurus,Rhoetosaurus brownei,dinosaur,Ázsia,Mezozoikum,Jura,késő-jura,170,161,3.96,4.95,12.0,15.0,null,null,1926,Heber Longman,"Egy viszonylag korai szauropoda, amelynek hátsó lábain még négy karom volt, ami egy bazális (kezdetleges) tulajdonság.",rare,2026-06-30 04:46:58.828164+00,2026-06-30 04:46:58.828164+00,null,4,doktori,4,4.95,4.95,3.96,null,ismeretlen,unknown,brownei
ca01a180-4df6-49a7-a2bf-2b1082e01f11,Massospondylus,Massospondylus carinatus,dinosaur,Afrika,Mezozoikum,Triász,késő-triász,208,200.0,1.40,2.10,4.0,6.0,130.0,1000.0,1854,"Richard Owen, 1854","Ez a hosszú nyakú, kis fejű korai sauropodomorpha volt az egyik legelső, tudományosan leírt dinoszaurusz Afrikában, és nevét üreges, ""masszív"" csigolyáiról kapta. Fosszilis fészkei és embrió-maradványai alapján a Massospondylus az egyik legrégebbi ismert dinoszaurusz, amelynél bizonyított a szervezett fészekalj-rakás, és a kifejlett egyedek esetlegesen utódgondozást is végezhettek. Bár sokáig kizárólagosan négy lábon járó, növényevő állatként ábrázolták, a csontozat újabb elemzései arra utalnak, hogy fiatalon és felnőttként is képes volt időszakosan két lábon is mozogni, és étrendje vegyes is lehetett.",common,2026-06-28 05:03:00.009612+00,2026-06-28 05:03:00.009612+00,"Saurischia (Sauropodomorpha, Massospondylidae)",2,egyetem,3,2.10,2.10,1.40,"Saurischia (Sauropodomorphák, Massospondylidák)",ismeretlen,unknown,carinatus
f670372d-f8a5-4f6f-bb9f-4b8ebf85d6d6,Plateosaurus,Plateosaurus engelhardti,dinosaur,Európa,Mezozoikum,Triász,késő-triász,214.0,204.0,2.45,2.80,7,8.0,600.0,4000.0,1837,Johann Friedrich Engelhardt,"A késő triász időszak egyik leggyakoribb és legjobban ismert hosszú nyakú növényevője, a korai sauropodomorphák egyik mintapéldánya. Németországban több helyszínen is úgynevezett 'tömegsírokat' találtak, amelyekben tucatnyi egyed csontjai halmozódtak fel egymás mellett, talán mocsaras csapdákba ragadva. Bár kétlábon is tudott közlekedni, étkezés közben valószínűleg gyakran négy lábra ereszkedett.",common,2026-06-28 05:04:05.68662+00,2026-06-28 05:04:05.68662+00,Saurischia (Sauropodomorpha),4,középiskola,2,2.80,2.80,2.45,Saurischia (Sauropodomorphák),ismeretlen,unknown,engelhardti